total tokens, 4448

tr_pos_tri_grams, frequency
"CD CD RP",1
"VBP NN ``",1
"RB VBZ $",1
"TO WDT JJ",1
"CD '' ,",1
"VBZ VBN JJR",1
"'' , WP",1
". VBG NNP",1
"VB DT JJS",1
"NNP '' IN",1
"NNP VBG RB",1
"RP NN CC",1
"NNP NN CD",1
"`` RB VBD",1
"`` WP DT",1
"JJR NNS NNP",1
"RB JJ WRB",1
"VB JJ .",1
"JJ RB ''",1
"IN IN WP",1
"TO JJ IN",1
"NNPS DT NNS",1
"DT DT VBN",1
". VBG NNS",1
"VBP NNS .",1
"NN NNS PRP$",1
"NN NN (",1
"NNPS VBZ JJ",1
"VB '' NNP",1
"VBP VBG JJ",1
"VBD VBG VBN",1
"VBP : NN",1
"VBZ RP NN",1
"NNP CD NNS",1
"DT VBP VBN",1
"WP PRP VBZ",1
"MD IN DT",1
"NN NN )",1
"PRP RP .",1
"NNS PRP .",1
"VB JJ ,",1
"VB VBN ,",1
"IN TO IN",1
"PRP$ NNS RB",1
"NN JJ DT",1
"JJR . DT",1
"JJR '' ,",1
"NNS NNP VBZ",1
"CC DT NNPS",1
": IN PRP$",1
"NN VBD JJR",1
"CD NNS NN",1
"JJ RB RB",1
"WP VBP PRP$",1
"JJ '' PRP$",1
"NNS VBP ``",1
". VBG JJ",1
"NNP NN EX",1
", NN VBD",1
"NNS VB IN",1
"JJ NNP NNS",1
"RBR VBG VBZ",1
"POS , CC",1
"IN JJ JJR",1
", WRB CD",1
"NN VBG VBN",1
"VBN ) IN",1
"PRP , RB",1
"WDT VBZ IN",1
"IN CD MD",1
"NNS JJ .",1
"NN '' ``",1
"NNS '' VBD",1
"NNPS , CC",1
"$ CD ''",1
"FW FW NN",1
"NN VBD EX",1
"RB NN WP",1
"CC CD NNS",1
"VBD IN :",1
"VBN RB CD",1
"PRP$ JJ VBG",1
"DT VBG NNS",1
"`` RB VBP",1
"NN PRP ``",1
"PRP CC VB",1
"DT `` RB",1
"JJR DT NN",1
"NNS '' VBG",1
"WRB DT VBG",1
". EX RB",1
"JJS NN TO",1
"NNS VBD RBR",1
"CC CD NNP",1
"VBG JJR NNS",1
"DT NNS WRB",1
"VBG JJ JJ",1
"VBN NNS WDT",1
"CC VBG RB",1
"IN WRB DT",1
"RP DT NNP",1
"JJR TO JJ",1
"VBZ VBN NNS",1
"IN PRP$ JJS",1
"VBD NN NNP",1
"VB RB VBG",1
"RBS VB TO",1
". VBZ NNPS",1
"EX MD RB",1
": JJR ,",1
"VBD NN PRP",1
"VBG : RB",1
"PRP$ VBG NN",1
"RB VB VBG",1
"JJ NNP NNPS",1
", NNP MD",1
"`` VB ,",1
"VBP RB ,",1
"NNS NN RB",1
"NN CC PRP$",1
"VBP PRP JJ",1
"IN CD :",1
"NN ( IN",1
") . :",1
"CC RB CD",1
"VBD VBN RBR",1
"RBR VBN IN",1
"CC JJR NNS",1
"MD VB WP",1
"RB VBG ,",1
"DT NNS JJ",1
"RB . NN",1
"NN RP JJ",1
"VBG : CD",1
"VBZ TO ,",1
"IN VBD .",1
"NNP NN WDT",1
"NN ( WRB",1
"NNP VBZ CD",1
"NNS CC PRP$",1
"NN : ``",1
"RBS IN PRP$",1
"TO IN NNP",1
"NNP SYM .",1
"NN ) ''",1
"WDT , IN",1
"RB TO CD",1
"NNP WRB IN",1
"PRP WRB DT",1
"JJ RB ,",1
") CC IN",1
": WRB NN",1
"CC NNS WP",1
"NN : WRB",1
"IN NNP WRB",1
"VBN RB )",1
"JJ TO PRP$",1
"NN VBG VBD",1
"WP VBZ TO",1
"NNP CC ``",1
", NN VBZ",1
"`` NNP CC",1
"`` VBN VBG",1
"VBG PRP VB",1
"VBZ VBN MD",1
"DT JJR VBG",1
"WDT VBD PRP$",1
") CC NNP",1
"PRP PRP VBP",1
"WDT VBD WP",1
"CD NNS NNP",1
"IN VBD ,",1
"VBZ IN $",1
"WRB $ CD",1
"WP PRP VBP",1
"NNP SYM ,",1
"NNPS VBD JJ",1
"VBP VBD IN",1
"CD CC VB",1
"NNS '' TO",1
"IN NNP RB",1
"CC VB PRP",1
"JJ CD .",1
": JJ DT",1
"CC WP PRP",1
"RB : DT",1
"NNS . MD",1
", `` MD",1
"VBZ VBD DT",1
"`` RB CC",1
"TO NNP WP",1
"IN '' JJ",1
"IN NN JJS",1
"VB NNS ``",1
"( JJ JJ",1
"NNPS IN PRP$",1
"VBD NNS NNP",1
"NNS JJR DT",1
"TO PRP$ JJ",1
"VBD RB $",1
"( NNP NNP",1
"NN WP RBS",1
"IN WDT RB",1
"RB VBP JJ",1
"IN . PRP",1
"CC PRP MD|VB",1
"JJ NNP JJ",1
"MD `` VB",1
"NNP DT ``",1
"PRP$ JJS ''",1
", RBR IN",1
"'' NN VBZ",1
", `` VBG",1
"CC JJ NNPS",1
"VB . .",1
"NN VBN ``",1
": WP VBZ",1
"NNP : ``",1
"NNP NNPS ,",1
"VBZ CC PRP",1
"CD ( JJ",1
"VBN VBN DT",1
"'' TO VB",1
"NNPS NNP NNP",1
"NN `` JJ",1
", VBZ .",1
"VBD PRP$ NNP",1
", '' PRP",1
"NNP CC PRP$",1
"RB , VBG",1
"NNP PRP$ JJ",1
"VBZ VBD ,",1
"VB IN RB",1
"VBD PRP WRB",1
"VBD VBN VBG",1
"VBP TO CD",1
"NNP POS IN",1
"IN PRP DT",1
"PRP CC TO",1
"VBD NN VBG",1
") : JJ",1
"RB , VBD",1
"PRP VB NN",1
"IN NNP NNPS",1
"NNP VBD EX",1
"PRP WP DT",1
"PRP PRP VBD",1
"NNS TO PRP$",1
"( DT NNP",1
") '' .",1
"NNP VBD CC",1
"'' NN NN",1
"VBZ RBR IN",1
"NNS WP VBD",1
"TO JJR NNS",1
"PRP TO NN",1
"'' . VB",1
"POS NNS MD",1
"IN VB TO",1
"WDT IN JJ",1
"RB VBN ''",1
"PRP MD .",1
"IN VBN RB",1
"IN NNPS VBP",1
"'' IN VBG",1
"NNP JJ NNP",1
"RB CD IN",1
"NNS PRP VBP",1
"VB PRP JJ",1
"IN NN PRP$",1
"'' . PRP$",1
"VBZ NN PRP",1
"NNS NNP :",1
") NN NN",1
"VBN RB NNP",1
"VBN NN POS",1
"RB RB ,",1
"VBN . WRB",1
"PDT NNS IN",1
"NNS DT MD",1
"CD VB IN",1
", VBD RP",1
"VBD IN WP",1
"VBG CD CD",1
"DT JJ VBN",1
"VBD VBG DT",1
"VB IN WRB",1
"VBN RP RB",1
"VBD NNS ,",1
"NNP '' ''",1
"VBP CD IN",1
", CC EX",1
". DT VBG",1
"`` CD IN",1
"MD . DT",1
", JJS NN",1
"VBP JJ DT",1
"IN JJ RB",1
"CD JJR DT",1
"VBN . ``",1
"DT NNP VB",1
"VBG NN VBN",1
"NNP ( WRB",1
"( NN NNP",1
". DT WP",1
"PRP VB PRP",1
"PRP$ NNS NN",1
"IN VBG WP",1
"NNS WDT VBP",1
"NNS , EX",1
"PRP , NNP",1
"MD VB .",1
"RB VBZ :",1
"RB , PRP$",1
"NN RB NN",1
": NNP VBZ",1
"TO VB WRB",1
", VBN NNS",1
"LS NN VBG",1
", VBP DT",1
"DT : NNP",1
"CC CD VBG",1
". RB NN",1
"CC VBD $",1
"CD VBN JJ",1
"RB . JJ",1
"VBN RBR RB",1
"FW FW .",1
"NNS IN WP",1
"VBN NNP NNS",1
"VBP VBD TO",1
"`` WRB VBP",1
"VBP VBG VBN",1
"VBN NN WRB",1
"VBP CD NNS",1
"NN DT VBP",1
"RB . RB",1
"NNS : RB",1
"VBN NNP ,",1
"VB PRP$ NNP",1
"IN NNS :",1
", IN WP",1
", WDT PRP",1
". PRP ,",1
"VBG PRP ''",1
"NN VBP ``",1
"RB JJ JJ",1
"VBD , JJ",1
"VBP VBG DT",1
"CD CD ,",1
". `` TO",1
"VBD MD RBR",1
"CC WP$ NN",1
"DT NNP PRP$",1
"POS NN NNS",1
"RB . CD",1
"VBG CC VBD",1
"NN FW FW",1
"NNPS IN DT",1
"VB WDT NNS",1
"'' VBG CD",1
"POS NNP IN",1
"JJR NN ,",1
"IN NNS VBG",1
"CC RB IN",1
"WDT RB RB",1
"VB RP WP",1
"DT NN PRP$",1
"EX VBD NNS",1
"CC VB JJR",1
"IN JJ TO",1
"VBG PRP RB",1
"DT DT NNP",1
"NNS VBD RP",1
"JJ FW FW",1
"JJ , VBN",1
"NN '' VBG",1
"NNS : VBN",1
"WDT VBD ``",1
". '' VBP",1
"VBP NNS NNP",1
"NNP IN VBN",1
"VBD RB NN",1
"CD CC RB",1
". RB TO",1
"NNS PRP VBD",1
"DT NNP VBG",1
"CD NN POS",1
"'' TO NN",1
"JJ IN WDT",1
"VBD JJ DT",1
"VBN IN WP",1
", IN RBR",1
"VBZ '' .",1
"PRP$ NNS VB",1
"VBP NNP NN",1
"NNP VBP DT",1
"VBD `` NNP",1
"VB VBD IN",1
"VBD '' .",1
"PRP$ NNS VBZ",1
"NNP NNS ``",1
"WP RB CC",1
"DT JJ .",1
"POS IN CD",1
"DT JJS ,",1
"NNP NN VB",1
"VBD `` NNS",1
"CC NNP VBN",1
"WDT JJ NNS",1
"CC NNP :",1
"`` DT DT",1
"VBG NN PRP",1
"NNP WP NN",1
"SYM , VBZ",1
"WP VBD VBG",1
"VBD , VBP",1
": : CC",1
": VBG RB",1
": : CD",1
"`` IN VBG",1
"VBD EX ``",1
"JJ NNS :",1
"MD RB VBN",1
"JJ . NNS",1
"NNP IN WP",1
"VBD '' ,",1
"NNS VBZ CD",1
"CC NNS JJ",1
", JJ NNP",1
"RBR VB VBN",1
"VBZ NN VBN",1
"RBS JJ NNP",1
"CC NNS MD",1
"CC NNP ''",1
"PRP RP TO",1
"RB VBG NNS",1
". NNS CC",1
", CC VBZ",1
"VBN VBG ``",1
". LS NN",1
"CD CD NNP",1
"VB NNP ,",1
", JJ NNS",1
"PRP VBZ ``",1
"VB NNS VBP",1
", VBD VBG",1
"PRP IN PRP$",1
"VBG NN VBD",1
": IN NNP",1
". VB IN",1
"VBD NN MD",1
"DT JJ :",1
"CC NNP VBZ",1
"NNS . EX",1
"VBG NNS DT",1
"NN EX VBD",1
"CC '' VBN",1
", `` TO",1
"CC VBN ''",1
"VBZ `` PRP",1
"CD NNS PRP",1
"VBG PRP$ NNS",1
"'' `` DT",1
"PRP RP ''",1
", VBP JJ",1
"DT NNP WRB",1
"RP VBD ''",1
"JJ , VBG",1
"VBZ RB $",1
"RB PRP IN",1
"CC VBZ ,",1
"NNP `` MD",1
": JJ JJ",1
"TO NNS MD",1
"VBP IN PRP",1
"CD NNP VBD",1
"WDT VB VBN",1
"`` PRP NNPS",1
"NNS , MD",1
"NNPS , IN",1
"`` IN CD",1
"VBP JJ NNS",1
"NN NNP :",1
"PRP VBP ,",1
"NNP IN TO",1
"VBZ NN VBG",1
"CC VBZ JJ",1
"DT NNP ''",1
"VBP DT ``",1
"CD JJ CC",1
"POS `` VBN",1
"NNS RB MD",1
"NN POS ,",1
"CC JJ VBG",1
"VB PRP WRB",1
", `` RB",1
"TO CD DT",1
"VB NNP POS",1
"JJ RB IN",1
"PRP$ NNS JJ",1
"RB NNP NNPS",1
"WRB NNS VBP",1
"NNS WP JJ",1
"MD VBP NNS",1
"VBZ NNP POS",1
"IN JJ .",1
"NNP NN JJ",1
"JJ IN RB",1
"CC NNP .",1
". IN RB",1
"VBG RP NNP",1
"JJ ) :",1
"DT CD RBS",1
", CC MD",1
"VBG NNP TO",1
"DT CD MD",1
". `` WP",1
"RBR IN VBN",1
"NNS JJ DT",1
"POS JJS NN",1
"NNPS VBD DT",1
"NN CC VBG",1
": NNP ,",1
"VBN VBG PRP$",1
"IN CD ''",1
"VBN RP ,",1
". NNP PRP",1
"IN . DT",1
"NNS PRP MD",1
"NN NNP VBZ",1
"CC VBP DT",1
"NN WRB JJ",1
". CD VBP",1
"NNPS VBD PRP",1
": LS JJ",1
"JJS CD VBG",1
"CD , VBG",1
": : VBG",1
"IN JJ :",1
": $ CD",1
"MD VB RBR",1
": MD VB",1
"DT FW FW",1
"NNP RB VBG",1
"VBP VBN DT",1
"MD VB RBS",1
"JJR IN $",1
"VBP VBG :",1
"VBP CD JJR",1
"NN : VBN",1
"PRP NNPS MD",1
", VBD WRB",1
", JJS IN",1
"IN WP DT",1
"CC DT VBZ",1
"JJ PRP$ NN",1
"DT NNPS MD",1
"NNS RB WRB",1
"TO DT JJS",1
"JJ WP VBP",1
"JJ NNP MD",1
". : DT",1
"PRP RP IN",1
"CC JJ VBD",1
"TO CD ,",1
"NNP '' NN",1
"VBG ) NN",1
"NN : MD",1
"JJ ( VBG",1
"CD , VBP",1
"NNP RB VBN",1
"CD NNP TO",1
"NNP MD NNS",1
"DT JJR ,",1
", VBG CD",1
"TO CD .",1
"JJ CD IN",1
"WDT NN DT",1
"EX VBZ JJ",1
". `` UH",1
"NN VBG ''",1
"JJ NNPS .",1
", PRP RB",1
"VBP NN ''",1
"NNS TO RB",1
", NNS .",1
"VB NN NNP",1
"VB VBG ,",1
"FW FW NNP",1
"VBZ JJ DT",1
"PRP$ NNP NNP",1
"MD CC VB",1
"NN WDT NN",1
". NNP TO",1
"CD NN ``",1
"PRP$ NNS VBG",1
"VB VBZ DT",1
"NNS VBP TO",1
", CC VBN",1
"CC NNP (",1
"NNP VBP CD",1
": VBN RB",1
"DT VBN CC",1
"CD , WDT",1
". CD NNP",1
": NNS RB",1
"PRP$ NNS VBD",1
"RB JJ )",1
"JJ NNS (",1
"JJR IN JJR",1
"VBZ `` RB",1
"NNS '' CC",1
"CD , VBZ",1
"`` PRP$ JJS",1
". LS JJ",1
"VBN NNP RB",1
"TO JJR IN",1
"NNS VBZ JJ",1
". NNS TO",1
"VB DT FW",1
") VBN ''",1
": NN IN",1
"PRP IN EX",1
"RP IN VBG",1
"POS JJS NNS",1
"VBP JJ NN",1
"NNS VBP ''",1
"CC IN RBR",1
"CD CC PRP$",1
"VBG DT ``",1
"CC RBR IN",1
"IN . CD",1
"NNS IN RB",1
". NNS VBG",1
"PRP RB VB",1
"VBZ RBS JJ",1
"TO CD :",1
"TO NN RP",1
"RB RP CC",1
"CD CC NN",1
"NN VBZ VBD",1
"NNS WRB DT",1
"RP IN RB",1
", CC VBG",1
". VBD NNP",1
"POS NNS RB",1
", `` IN",1
"VBN TO JJR",1
"IN VBG RB",1
"VBG WP TO",1
"MD VB VBD",1
", TO WDT",1
"NN CC ,",1
"MD JJ NNS",1
"CC VBD NN",1
"WRB VBN )",1
"VB VBG :",1
"WP DT VBZ",1
"RB VBP NN",1
"NNP VBD MD",1
"VBZ VBZ NNP",1
"RB VB ,",1
"VB '' IN",1
"CC VB TO",1
"IN VBZ ,",1
". `` VB",1
"IN CC IN",1
": VBG NN",1
"VBZ VBN CC",1
", VBN ,",1
"CC VBZ PRP",1
"IN . EX",1
"VBD VBN PRP$",1
"CC NNS ,",1
"NN PRP$ JJ",1
", SYM .",1
"JJR VBG NN",1
": ( LS",1
"NNS IN ''",1
"NNS : RBR",1
"CC JJ ``",1
"VBP VBG ,",1
"VBD PRP PRP",1
"'' VBN NNS",1
"EX VBD NN",1
"DT NN )",1
"VBP VBG RBR",1
"VBN CC VBP",1
"DT CD (",1
"JJS NNP NN",1
": WRB DT",1
"RB RB NNP",1
"POS CD NNS",1
"VBD NN RB",1
"VBZ JJR NNS",1
". VBD NN",1
"VBN NNP TO",1
"IN PRP CC",1
"VBN VBN ,",1
"RB UH ,",1
"JJ NN (",1
"DT CD ,",1
"NN : ''",1
". ) EX",1
"VBD `` PRP$",1
"VB RBS IN",1
"VBP '' .",1
"DT NN RP",1
"VBN VBN .",1
"PRP RB JJR",1
"CC VB RB",1
"NNP JJ TO",1
"NNP MD VBP",1
"VBD IN VBN",1
"POS CC ''",1
"RB VBD NNS",1
"DT CD .",1
"VBN DT JJR",1
"TO CD VBD",1
"VBP DT NNP",1
"VBN TO NNS",1
"CD CD VBD",1
"NNP PRP$ NN",1
"JJR CC JJR",1
"'' NNS CC",1
"VBG VBN NN",1
"VB NNP NNS",1
"NN '' :",1
"VBD VB NN",1
"NN VB DT",1
". VBZ ``",1
"VB RB NN",1
"VBG IN TO",1
"DT VBZ VBN",1
"NNP PRP ,",1
"VBG CC DT",1
"DT $ JJ",1
"'' CC ``",1
"'' , IN",1
"( VBG )",1
"NNP NNPS CC",1
": NN NN",1
"NN NN ``",1
"JJ NNS NNP",1
"NNP DT CD",1
"IN IN IN",1
"`` VB ''",1
"RB VBZ IN",1
"IN NN WP",1
"RP CC VBD",1
"NNP NNS POS",1
"VBZ IN TO",1
"IN WDT MD",1
"CD NNPS VBZ",1
"NNP `` NN",1
"VBG CC IN",1
"CC VBN .",1
"CC JJ TO",1
"VBN NNS WP",1
"RBS JJ CC",1
"MD RBR RB",1
". VBZ JJ",1
"LS ) NNP",1
", WP RB",1
"CC VB RP",1
"VBZ CD VB",1
"MD NNP VB",1
"NNPS IN NNP",1
", VBN JJ",1
"NNPS VBP PRP",1
"VB CC DT",1
"CD CD VBP",1
"`` VB RB",1
"NNP VBZ PRP$",1
"DT DT JJ",1
"CC JJ :",1
"VB VBN ``",1
"NN DT RB",1
"IN WRB JJ",1
"NNS IN RBR",1
"VBN VBG .",1
"NNP , SYM",1
"VBZ : ``",1
") VBD NN",1
"RB VBP PRP",1
"FW . VBG",1
". . ``",1
"CD NNP WP",1
"IN NNPS ,",1
"NN : RP",1
"IN NNPS .",1
"NN CD VBP",1
"VB NNS NN",1
"NNP TO JJR",1
"PRP `` VB",1
"NNP DT IN",1
"RB NN NNP",1
"NNS VBD PRP$",1
"IN `` PRP",1
": `` VB",1
"JJ NNS JJR",1
"CC NN JJ",1
"NNP NNPS NNP",1
"VBZ TO NNS",1
"VBG PRP JJ",1
"WP RBS VB",1
"WP `` VB",1
"IN NN VBN",1
"VBD NN ,",1
"NN DT MD",1
". NNP (",1
": CC EX",1
". LS NNP",1
"CD CD VBZ",1
"IN IN $",1
"VBP JJ PRP",1
"TO NN WDT",1
"CC RB PRP",1
"DT VBZ CD",1
"VB NN PRP",1
"IN MD NNP",1
"NNP WP MD",1
"NNP POS VBG",1
"VBG '' ,",1
", TO DT",1
"'' IN CD",1
", RBR JJ",1
"RB VBN .",1
"NNS NNS ''",1
"NN , $",1
"JJ WRB NNS",1
"POS RBS RB",1
"POS IN DT",1
"CC VBN DT",1
"NNP '' VBN",1
"PRP VB TO",1
"JJ CD CC",1
"`` UH VB",1
": `` CC",1
"NN VBD ``",1
"WP$ NN PRP",1
", VBG JJR",1
"POS JJ CD",1
"CC VBG NNP",1
"VBG VBD RB",1
"PRP VBZ VBZ",1
"JJ CD VBG",1
", WP PRP",1
"VBZ `` VBG",1
"VBN IN MD",1
"DT NN RBR",1
"NN `` TO",1
"JJ , EX",1
"NNP JJ ''",1
"WDT RB VBP",1
"TO DT .",1
": VBG JJ",1
"NNP RB NNP",1
"WDT VBZ PRP$",1
"JJS DT CD",1
"VBZ VBN WRB",1
") CD JJ",1
"NNS JJR NN",1
"WRB DT CD",1
"IN WDT VBZ",1
"`` CC VBD",1
"VBG . DT",1
", CC RBR",1
"NN JJ JJ",1
"RP IN PRP$",1
"RB . IN",1
"CD , NNP",1
"NNS NNPS MD",1
"PRP VBD VBD",1
"VBZ `` VBN",1
"VBZ JJR IN",1
"VBD IN WRB",1
"NNS POS IN",1
"NNS `` DT",1
"VBZ CD CD",1
"VBD VBG NN",1
"JJS NNS .",1
": JJ NN",1
"NNP VBZ ``",1
"RP . DT",1
"RB VBG PRP$",1
"RB WDT NN",1
"JJR NNS .",1
"CD NNS VBP",1
"VBZ '' VB",1
"JJR DT JJ",1
"VBD JJ NNP",1
"NN DT .",1
"DT NNS NNP",1
"JJ NNP POS",1
"PRP DT $",1
"NNS VB PRP$",1
"RB . WRB",1
"VB PRP VB",1
"IN NN (",1
": : VBZ",1
"CC CD TO",1
"POS NNS NN",1
"RP IN NN",1
", RB VBP",1
"RB VB RB",1
"IN NN ``",1
"CC NNP JJ",1
"PRP . CD",1
"VB DT WP",1
"$ CD JJR",1
"TO NNP ''",1
"RP CC IN",1
"VBD VBG CC",1
") IN NNP",1
"VB WRB NN",1
"PRP . CC",1
"TO NNS DT",1
"VBG DT IN",1
"VB JJR NNS",1
"NNP CD VBD",1
"CC JJ ''",1
"NNS : DT",1
"JJS '' PRP",1
": CC VBD",1
"VB VBN PRP",1
", VBG NNS",1
"VB IN $",1
"'' TO DT",1
"NN TO ''",1
"VBG VBD IN",1
", WDT VBP",1
"VBG NNP NNS",1
"`` CC TO",1
"IN `` NNP",1
"CC RB MD",1
"VBG RP DT",1
", EX MD",1
". '' NN",1
"`` IN NNP",1
"NNP RB ,",1
"PRP `` VBP",1
"VBZ VBG ,",1
"NNS : ``",1
"VBD '' ''",1
"RB VB ''",1
"RB RB TO",1
"JJS NN DT",1
"NNPS IN CD",1
"NN VBP RB",1
"MD VB CC",1
"VBP VBG NNP",1
"CC WRB DT",1
"NN TO RB",1
"RB JJR ''",1
". RB MD",1
"RP IN PRP",1
"NNP WRB PRP",1
"VBD NN NN",1
". CC WRB",1
"TO CD CC",1
"VBG JJ TO",1
"CC RB NNP",1
"VBZ : WRB",1
"NNP IN WDT",1
"VBG VBZ DT",1
"VB IN ,",1
"IN NNS JJ",1
"'' NN TO",1
"RB NN TO",1
"DT VBZ TO",1
"'' IN ,",1
"NNP NNS ''",1
"VBG DT $",1
"NNS TO $",1
"VBG CD NNS",1
"IN RB RBR",1
"NNS JJ TO",1
"NNPS POS NN",1
"JJ CD NN",1
") : NNS",1
"PRP VBZ VBG",1
"TO JJ CC",1
"`` CC RB",1
"( JJ )",1
"NNP POS RBS",1
"NNP `` CC",1
"$ CD VBD",1
"CD NNS VB",1
"VBG NNS WP",1
"PRP VBN NNS",1
"NNS NN NNP",1
"IN DT :",1
". `` MD",1
"VBG RBR ''",1
"VBD RBR VBN",1
": : $",1
"NNS POS JJ",1
"$ CD VBG",1
"NNP NNS RB",1
"JJ IN VBN",1
"NNS IN $",1
"NNS WRB PRP",1
"NNP CD CC",1
"VBD VBD RB",1
"NNS NN NNS",1
"WRB NNS IN",1
"VBZ NNPS IN",1
"IN `` EX",1
"NNS CC VBP",1
"VB RB PRP$",1
"NNS VB ``",1
"CD : ``",1
"VBG CD DT",1
"VBN VBG ''",1
"RBS JJ TO",1
"JJ IN WP",1
"IN WDT VBD",1
"MD VBP DT",1
"VBN , PRP",1
"NNS RB CC",1
": `` RB",1
"NN RB VBP",1
"WDT NN IN",1
"VBD EX RB",1
"JJ : PRP",1
"'' TO NNS",1
". NN JJ",1
"PRP CC NNS",1
"NNP VBD ``",1
"NN RB VBN",1
"POS `` NNP",1
"RB VBZ CD",1
"NNP VBN DT",1
"VBD VBN ''",1
"VBG , NN",1
"RB WP VBZ",1
"'' NNS TO",1
"NNS CC VBN",1
"NNS IN ,",1
"VBZ NN WP",1
", WP$ JJ",1
". : WP",1
"IN MD VB",1
"`` VB NN",1
"NN PRP$ NN",1
"NNP VBZ VBD",1
"VBP JJ ,",1
"JJ '' JJ",1
", NN TO",1
"NNP POS ,",1
"NNP : PRP$",1
"PRP CC NNP",1
"NNS TO JJ",1
"VBP JJ .",1
"TO VBG NNP",1
"VBN . CC",1
"VB VBN PRP$",1
"CD RP NN",1
", CD JJ",1
"CC NNS VBP",1
"VBZ NN JJ",1
", CC WP$",1
"CC NN VBD",1
"NN WDT NNS",1
"VBZ , NNP",1
"NN `` VBZ",1
"VBP NNP TO",1
"NN VBG JJ",1
"NNP WRB DT",1
"VBN CC WP",1
"RBR JJ JJ",1
"VBZ NNP VBD",1
"PRP$ VBN CC",1
"VBZ DT JJR",1
", NNP JJ",1
"VBP NN NNS",1
". CC ,",1
", VB JJ",1
"VBP JJ CC",1
"IN RB RB",1
"NNP NNS ,",1
"IN : (",1
"RB '' TO",1
", CC WRB",1
"NNP WRB NNP",1
"JJS NN VBN",1
"JJR NN CC",1
"( WRB VBN",1
"CD CC RBR",1
"NNS WDT VB",1
"VBZ : DT",1
"JJ NNP CD",1
"VB WRB $",1
"CD VBZ TO",1
"CD CC $",1
"`` EX MD",1
"IN PRP$ VBN",1
"`` JJ CC",1
"RB PRP VBD",1
"DT JJ TO",1
"CC NN VBN",1
". . PRP",1
": NNS ,",1
"IN VBD NNP",1
". NNP JJ",1
"$ CD MD",1
"JJR , VBZ",1
"NNS TO IN",1
"CC PRP$ VBN",1
"CC IN WDT",1
"CC NN VBP",1
"'' : CC",1
"NN MD IN",1
"NN JJ PRP",1
"IN CD VBZ",1
"NNS JJ ''",1
"WP VBD NNP",1
"CC NNS VBG",1
"VBD VBN CD",1
"`` CC VBP",1
"NNS IN PDT",1
"'' CC VBD",1
"POS NN CD",1
"DT JJ ''",1
"LS NNP NN",1
"RP VBD IN",1
"TO VB WDT",1
"`` JJ DT",1
"VBZ IN PRP",1
"NNP '' DT",1
"PRP `` UH",1
"CD NN VBP",1
"RB PRP$ NNS",1
", RB MD",1
"NNS VBG CD",1
"VBD DT $",1
"RB RBR IN",1
"JJS NN VBZ",1
"WDT VBZ DT",1
"`` TO VBG",1
"VBG : ``",1
"VBP JJ RB",1
"PRP RB .",1
"RB VBD EX",1
"DT IN JJ",1
"NNS VB NNS",1
"VB VB DT",1
"IN DT .",1
", JJ ,",1
"NNS `` RB",1
"RB PRP VBP",1
"`` JJ TO",1
"VBD NN JJ",1
"IN JJR JJ",1
"PRP$ VBN NN",1
"VBZ JJ RB",1
"NNS VBG CC",1
"VBP VBG TO",1
"DT VBD RB",1
"VBP . PRP",1
"RB VBD CC",1
"RB VBD CD",1
"IN PRP$ VBG",1
"RBR IN $",1
"NNS VBG PRP$",1
"NN JJS ``",1
"CC NN WP",1
"DT IN WDT",1
"VB CC VBD",1
"VBG IN :",1
"RB VBG WP",1
"`` IN WRB",1
"'' . RB",1
"VB NNP TO",1
"NNPS POS JJ",1
"RB PRP$ NN",1
"PRP VBZ PRP$",1
"VBG PRP DT",1
"DT , RB",1
"NN ) VBN",1
"VBG NN WRB",1
", RB VB",1
"`` VB NNS",1
"MD RBR VB",1
"VBZ NNS IN",1
"VBP VBD DT",1
": RB ,",1
"CC , NNP",1
", VBG JJ",1
"VBP IN NNS",1
"CD CC DT",1
"( DT NN",1
"NNP , NNS",1
"DT JJ WRB",1
"CD . CC",1
"NN `` VB",1
"VB CC NNS",1
"JJ TO VBG",1
"VBZ PRP TO",1
"WRB CD NNP",1
"VBD JJ ``",1
"$ CD ``",1
"VB NNP ''",1
"WDT , PRP",1
"PRP RB ,",1
"VBG IN JJS",1
"NNS TO NNP",1
"NN VBZ :",1
"CD NN RB",1
"VBG DT ,",1
"CC IN NNS",1
"`` NNS VBP",1
"WP NN PRP",1
"CC EX VBP",1
". RBS IN",1
"RP RB IN",1
"NN RB CC",1
"NN VBP NN",1
"VBN RP IN",1
"CD CD NNPS",1
"CC CD NN",1
"WRB MD DT",1
"NNP CC VBP",1
"DT NNS VB",1
"NNPS . DT",1
"VBG DT ''",1
"VBN NN VBD",1
"PRP CC PRP$",1
"NNS VBD $",1
"VBN NNS ''",1
"CD `` NN",1
", CC :",1
"DT CD ''",1
"VBG RB ''",1
"( NNS ,",1
": RP IN",1
"JJ TO $",1
"CC `` NNS",1
"IN NNP :",1
"IN CD VBN",1
"NN RB VB",1
"CC PRP RB",1
"WP RB VBP",1
". DT JJS",1
"RBR RB VB",1
"$ JJ NN",1
"RB DT VBD",1
"VBN PRP VBZ",1
"VBN NNS RB",1
"NNS RB ''",1
"VBD , CD",1
"NN `` CC",1
". NNS :",1
"VB PRP$ VBG",1
"( RB IN",1
"NN JJR NNS",1
"`` CC NN",1
": VBN IN",1
": RB :",1
"VB NN :",1
"`` VBZ VBG",1
"CC WP VBP",1
"CD VBD ,",1
"NNS JJ RB",1
"NNP VBP NNP",1
"NNPS CC JJ",1
"VBD . VBZ",1
"WRB JJ .",1
"NN RP IN",1
"VBZ VBD PRP",1
"JJS NNS MD",1
"NNP VBZ RBS",1
"NNP IN NNS",1
"NN DT JJR",1
"CC WRB NNP",1
"NNS NNS IN",1
"NNS , WP$",1
"PRP$ NNS ``",1
"POS NN VBP",1
"VBP NN IN",1
"VB JJ VBG",1
"CD VBD RB",1
"RBR '' JJ",1
"CC RB VB",1
". ( LS",1
"IN DT VBD",1
"VBD , EX",1
") IN CD",1
". `` NNS",1
"VBG IN ,",1
"`` CC NNS",1
"NN , WP",1
"VBZ IN EX",1
"VBD . CD",1
"PRP VBD NNS",1
"NNP VBZ VB",1
"RB CC VBN",1
"NN VBZ .",1
"IN RBR VBG",1
", VBZ CC",1
"NNP NN VBP",1
"VBG PRP CC",1
"NNS IN EX",1
"CD '' ''",1
"NNP . .",1
"VBD `` VBG",1
"VBD EX VBP",1
"NN JJS NNS",1
"NN VBZ ''",1
"CC `` DT",1
"NNP NN VBN",1
", $ CD",1
"NNS VBZ VBG",1
"'' PRP VBP",1
"NN VBZ ,",1
"VBZ IN CD",1
"DT JJR CC",1
"VBZ RB TO",1
"IN RB PRP",1
"PRP VBD :",1
"IN VBG CD",1
"NNS IN CC",1
"VB JJ CD",1
"TO DT CD",1
"NNP CC VBG",1
"RB IN JJR",1
"CC NN VB",1
", DT RB",1
"JJ CC VBD",1
"CC VBN PRP$",1
"VBD VB TO",1
"VBD JJR IN",1
", RBS IN",1
"VBN CD IN",1
"DT JJ JJR",1
"DT NNP DT",1
"NNP CC VB",1
"VBD `` VBN",1
"IN TO WRB",1
"WP RB VBD",1
"PRP NNP CC",1
"`` NNP MD",1
": JJ CC",1
"'' PRP$ NN",1
"RB VBP TO",1
"RB : CC",1
"NNP . (",1
"VBD `` VBP",1
"VBG VBN DT",1
"CD NNPS IN",1
"NN IN ,",1
"VBZ CC VBZ",1
"'' NNS NN",1
"JJ IN WRB",1
"NNP : CD",1
"NN CC TO",1
"RB VBG VBZ",1
"IN CD VBG",1
"WRB IN CD",1
", NNS MD",1
"NNP NNP JJR",1
"NNP CC ,",1
"VBP NNS VBP",1
"DT IN PRP",1
"VB RB ''",1
". PRP VBN",1
"NNS VBG TO",1
"NNP : CC",1
"VB RBR IN",1
"IN CD DT",1
"VB VBN ''",1
"VB DT ``",1
", RB ''",1
"VBG JJ ,",1
"VBG , IN",1
"TO '' VBN",1
"WRB NNP NNS",1
"'' CC PRP$",1
"VBP `` DT",1
"NNS VBN PRP$",1
"EX VBP JJ",1
"RBS RB JJ",1
"IN CD NNPS",1
". . ''",1
"NNP DT RBS",1
"DT NN FW",1
"NNP VBD NNS",1
"RB NNP CD",1
"NN VBZ RP",1
"NN MD CC",1
"EX VBD TO",1
"NNP VBP VBD",1
"WP VBP PRP",1
"DT CC PRP",1
"NN '' DT",1
"EX `` VBP",1
"PRP CC PRP",1
"VBN IN VBN",1
"MD VB ''",1
"VBN RB TO",1
". ( DT",1
". . RB",1
"`` IN JJ",1
"'' . MD",1
"CD RB JJ",1
"VBZ TO DT",1
"VBZ VBG JJ",1
"RB PRP$ JJS",1
"VBG VBZ VBN",1
"WRB NN VBG",1
"CC RB DT",1
"VBZ VB DT",1
"'' '' ,",1
"VBN MD VB",1
"RB RB MD",1
"NN VBP JJ",1
"RB . )",1
"CC RB ,",1
"RB VBG JJ",1
"VB PRP (",1
"PRP$ JJ (",1
"RBR RB TO",1
"VBD DT NNPS",1
"NN WDT ,",1
"VBN NN ,",1
"VBG NNP CC",1
"VBZ NNP CD",1
"CC PRP NNP",1
"VB NN DT",1
"CC NNS ''",1
"IN RBR JJ",1
"RP WP VBD",1
", VBP RB",1
". NNP IN",1
"NN VBD $",1
"VBZ DT RBR",1
"VBG NN CD",1
"VBP PRP VB",1
"PRP$ JJ ,",1
"POS NN VB",1
"JJ : CC",1
"JJ CC ,",1
"VBD CD NNP",1
"IN NNS ``",1
"NNP VBP VBN",1
"VBN WRB NNP",1
"TO CD TO",1
"PRP DT NNP",1
"PRP VBZ ''",1
". WRB NNP",1
"PRP$ JJ .",1
"PRP$ JJS NN",1
"VBZ `` DT",1
"RB VBN DT",1
"CD : IN",1
"WP$ JJ NNS",1
"WRB NN VBP",1
"`` DT IN",1
": : PRP$",1
"VB NN TO",1
"VBN RP NNP",1
"SYM . DT",1
"PRP DT NNS",1
"`` CC JJ",1
"NNP RB TO",1
"CD , JJ",1
"RB VBN JJ",1
"'' VBG RBR",1
", NN PRP",1
"VBN : CC",1
"PRP VBZ PRP",1
"VBP NNS VBG",1
"VBP JJ WP",1
"VB NN WDT",1
"NNP NNS JJ",1
", CD TO",1
"PRP JJ JJ",1
"EX VBP NNS",1
"NN VB JJ",1
") NN ,",1
"PRP MD RBR",1
"PRP MD IN",1
"POS VBG DT",1
"RB VBG VBN",1
"VBP IN MD",1
"DT VBP DT",1
"PRP$ CD CD",1
"`` VBP RB",1
"VBG RBR IN",1
"NNP VBG NNS",1
"NN NNP DT",1
"NN MD VBP",1
"DT POS NNS",1
". VBN RB",1
"RP , NNP",1
"VBN NNS VBG",1
"VB WRB DT",1
"RBR JJ ''",1
", CC VB",1
"`` UH ,",1
"VB PRP MD",1
"RP TO DT",1
"NN NNS ``",1
"RB ) IN",1
". RB CC",1
"NN TO $",1
"JJ TO PRP",1
"VBZ $ CD",1
"NN IN RBR",1
"VBD PRP VB",1
": PRP RB",1
"NNP DT VBG",1
") EX VBD",1
": PRP MD",1
"RB NNP .",1
"WP VBZ NN",1
"VBN RP CC",1
"VB NNP NN",1
"VBZ NN ''",1
"VB NN RB",1
"JJ JJS NNS",1
"NNS , VB",1
"VBZ DT IN",1
"'' . (",1
"TO VB ``",1
"VBD CD ,",1
"VBG RB VBG",1
"( WRB NNP",1
"RP NNP ,",1
"NN , JJS",1
"TO VB VBZ",1
"NN POS NNP",1
"VBN RB RP",1
"VBD CD .",1
"VB JJ WRB",1
"VBD . ''",1
"NN VBD WRB",1
"NN , RBS",1
"NNS : PRP$",1
"NNP VB TO",1
"VBD VBG TO",1
"NN : NNS",1
"IN VBG ,",1
"JJ NN JJS",1
"PRP TO NNP",1
"NN PRP PRP",1
"JJS IN PRP",1
"JJ NN JJR",1
"`` RB PRP$",1
"JJS NNS IN",1
"VBG WP DT",1
"NN VBD :",1
": RB VBN",1
"CC VB CD",1
"RB TO PRP$",1
"CD WP VBD",1
"NN VBD RP",1
"NNP . RBS",1
", NN (",1
"NNS . LS",1
") NNP NNP",1
"NN : NNP",1
"VBZ DT VBG",1
"`` CC IN",1
"CC VBZ RB",1
"NNS VBD JJR",1
": RBR IN",1
"WP VBP NNS",1
"WRB RB DT",1
"RB VBN CC",1
"RB IN VB",1
"RB DT JJR",1
"NNP , VB",1
"VBD VBN $",1
") NNP NNS",1
"WDT NN PRP",1
"VBP `` JJ",1
": VBG PRP",1
"WDT VBD IN",1
"DT NNPS DT",1
". . DT",1
"RB IN EX",1
"VB WP TO",1
"VBN RP DT",1
"VBZ : :",1
"UH , PRP$",1
"DT VBD PRP",1
"WP DT NNS",1
"`` RB RB",1
"( IN IN",1
"CD RBR IN",1
"NNS `` VB",1
"NN VBD PRP$",1
"POS NN WDT",1
"RB VBP VBN",1
"MD DT NN",1
": NNP NNS",1
"NNS POS NNP",1
"NNPS VBG IN",1
"NN ( NNP",1
", UH :",1
"'' VB NNP",1
"JJ CD ''",1
"VBP `` CD",1
"DT `` JJS",1
"NNP JJR IN",1
"IN JJS DT",1
"CD DT POS",1
"JJ NNS PRP$",1
"DT NNS ``",1
"VBN DT VBG",1
"VBG NN DT",1
"VBD VBG PRP$",1
"RB IN VBN",1
", WDT ,",1
"VBP NNS IN",1
"VBD . TO",1
"VBD VBG NNS",1
"NNS CC JJR",1
"JJ JJR NN",1
"CD VBP DT",1
"RB VBZ PRP$",1
"RP NN DT",1
"NNS VBZ :",1
"RB VBG VBD",1
"VBN , MD",1
"VBP PRP VBD",1
"CC IN ``",1
"CD CD CC",1
"PRP MD|VB VBN",1
"DT NNPS VBG",1
"NN '' PRP",1
"VBN NN MD",1
"NN DT DT",1
"PRP , EX",1
". VBZ JJR",1
"CC VBG CD",1
", VBD ``",1
"VBD NN CC",1
"CC : :",1
"VBN DT VBN",1
"'' VBN NN",1
"JJS , JJS",1
"VBP RB IN",1
": MD JJ",1
"RBR JJ NN",1
"JJ JJR NNS",1
"NNP IN ,",1
"DT IN CD",1
"PRP RB VBP",1
"DT VBD JJ",1
": PRP$ NN",1
", WP VBP",1
"DT . NNP",1
"NN NNS NNS",1
"VBD NNP PRP$",1
"NNS VB RB",1
"PRP , CC",1
"VBP , PRP",1
"VBZ RB NN",1
"IN RB VBN",1
"VBG TO PRP$",1
"NNS RB VB",1
"`` WRB MD",1
"NNS . PRP$",1
"WP JJ NN",1
". `` VBG",1
"WP DT MD",1
"IN : CC",1
"NNP NNP VB",1
": CC NNS",1
"`` JJS NN",1
"$ CD CC",1
"IN CC NN",1
"PRP VBZ JJR",1
"VBZ NN RB",1
"NN : PRP$",1
"NNS VBN PRP",1
"CD CC NNP",1
"IN `` IN",1
"CD . VBG",1
"'' NNS VBN",1
"DT VBN $",1
"NNP NN WRB",1
"CD NN MD",1
"VBD RP DT",1
"NN POS CC",1
". VBD CD",1
"IN PDT NNS",1
"DT VBG CC",1
"IN CD RBR",1
"VBZ VBD TO",1
"NN VBZ PRP",1
": PRP$ NNS",1
"NNS VBN CC",1
"IN NNS NNPS",1
"IN TO NNP",1
", RB NN",1
"TO VBG IN",1
"NNP . VBN",1
"NN IN EX",1
": CC TO",1
"DT NNPS IN",1
"JJ NNS VBG",1
"VBP EX VBZ",1
", WDT IN",1
"VBD JJR JJ",1
"PRP VB .",1
"CC VBP IN",1
". CC NNP",1
"RB DT DT",1
"FW NNP NN",1
", VBD $",1
"NN IN CC",1
", DT VBN",1
"JJ CC NNP",1
"JJS CD NN",1
"RB , ``",1
"CC VBG PRP",1
"VB TO RB",1
"CC VBZ TO",1
", RB UH",1
"TO PRP .",1
"NN RB WDT",1
"WDT NN NNS",1
". CC NNS",1
", VBG :",1
"JJS NN .",1
"VBP DT VBZ",1
"VBG '' DT",1
"IN DT ''",1
", VB NNP",1
"NN JJ CC",1
"LS ) CD",1
"NNP VBZ :",1
"NN WRB NNS",1
"VBD . WRB",1
", `` NNP",1
". . VBD",1
"VBP IN NN",1
"PRP `` RB",1
". JJ IN",1
", VBP ``",1
"PRP VBD CC",1
"RB TO NNP",1
"VBG CD WP",1
"IN , VBG",1
"RB . NNS",1
"VBD CC VBG",1
"CD CC JJR",1
". EX VBD",1
"VBN '' IN",1
"VBP , RB",1
"NNS VBZ PRP$",1
"PRP VBD EX",1
"PRP$ NN VBG",1
"`` NNP VBD",1
"VBD , PRP",1
"JJR IN PRP$",1
"NNP . VBZ",1
". NNP CC",1
"NN `` DT",1
"CD : CD",1
"NN NNP CC",1
"RB VBN PRP$",1
"NNS VBN :",1
"VBD IN NNS",1
"JJ ) CC",1
"VBG NNS WDT",1
"VBN NN CC",1
"JJ VBN NN",1
". IN JJ",1
"VBD JJ PRP$",1
"VB NNS ,",1
"MD VB ``",1
"DT WP VBD",1
"`` VB VBN",1
"CC NNS VB",1
"VBZ VBN RP",1
"RP IN CD",1
"VBG CD JJ",1
"NNS : PRP",1
"CD VBD JJ",1
"NN RBR IN",1
"VBZ VBG NN",1
"NN ) .",1
"TO NN NNS",1
"WRB JJ NN",1
"JJ VBG CC",1
"NNP ) CC",1
"PRP VB DT",1
"VB , TO",1
"NNS : CC",1
": NN CC",1
"POS VBN JJ",1
"POS NN (",1
"VBD RB PRP$",1
"NNS VBP .",1
"PRP$ VBG NNS",1
"VB NNS WRB",1
"NN NNP POS",1
"VBD PRP RP",1
"VBN , CC",1
"RB PRP RB",1
"CC RB NN",1
"NN ( RB",1
"`` NN RB",1
"JJ , PRP$",1
"NNP CD DT",1
"JJR NNS ''",1
"CD NNS WP",1
"DT NNP PRP",1
"DT VBP EX",1
"VBZ JJ NNP",1
"NNP VBD WP",1
"`` PRP$ JJ",1
", IN ``",1
"`` VBN NNS",1
"NNP `` VBZ",1
"RB . ``",1
"RB EX VBZ",1
"VB . RB",1
"NN , VB",1
": '' NNP",1
"IN . ``",1
"VB , ''",1
"TO NN NNP",1
"JJ : MD",1
"VBD JJ VBG",1
"SYM . NNP",1
"NN VB TO",1
"DT JJS NNP",1
", VB CD",1
"CC RB WP",1
"CC CD DT",1
"`` NN VBD",1
"PRP IN NNS",1
". NNS WP",1
"VBG IN VBN",1
"RB NN MD",1
"VBD NNP VBD",1
"IN , VBZ",1
"JJ JJR JJ",1
"PRP WRB TO",1
": : RB",1
"`` VB VBG",1
"NNP VBZ .",1
"VB PRP WP",1
"VB , RB",1
"JJ TO NN",1
"'' NN ,",1
"VBP TO DT",1
"VBD EX MD",1
"`` NNP VBZ",1
"CC DT JJR",1
", VBG PRP$",1
"RP JJ DT",1
"`` VBZ DT",1
"VBZ PRP$ NNS",1
"'' VBD VBN",1
"RB VBG TO",1
"NN VBZ NNS",1
". DT IN",1
"TO IN CD",1
"POS , JJ",1
"CD JJ JJS",1
"NNPS . NNP",1
": CD CD",1
"`` WRB PRP",1
"TO WRB RB",1
"VB JJR TO",1
"VBP NN CC",1
"NNP , ``",1
"`` RB ,",1
"NNS TO WRB",1
"MD IN NNP",1
"NNS `` VBP",1
"VBN PRP$ NNP",1
"NNP VBZ ,",1
"VB RB JJR",1
"VBD RP NNP",1
". CC VB",1
"NNP ( JJ",1
"WRB NNP ,",1
"NN IN VBZ",1
"NNS : JJ",1
"VBN DT $",1
"PRP IN NNP",1
"RB RB NN",1
"CC JJR ,",1
"EX RB VBD",1
"VB VB JJ",1
"VBD , NNS",1
"CC RBR JJ",1
"IN IN NNPS",1
", RB JJ",1
"WRB DT NNS",1
"IN `` VBG",1
"WRB NNP POS",1
"`` IN RB",1
"PRP DT NN",1
"NNP WDT NNP",1
"VBD CD NN",1
"NNP PRP MD",1
"NNS RB VBG",1
"JJ NNP ``",1
"NNS ( NNS",1
"VBZ IN ``",1
"NNS : NNP",1
"VBG PRP VBZ",1
"VBN NNS POS",1
"NN VBN .",1
"WDT VBZ JJ",1
"VBP PRP$ JJ",1
"NNS JJR IN",1
", DT MD",1
"VBD NNP VBZ",1
"PRP$ JJS JJ",1
", VBD NNS",1
"DT JJR IN",1
"'' VBN TO",1
"VBG VBD $",1
"MD RB PRP",1
"DT JJ FW",1
"IN `` VBN",1
"NNS VB NN",1
"PRP$ NN :",1
"WP DT IN",1
"VBG CC PRP$",1
"'' VBP RB",1
"VBZ , VBZ",1
"VBP NN VBZ",1
"VBZ IN RBR",1
"`` NN TO",1
"VBN CD DT",1
"CD , WRB",1
"UH , UH",1
"JJ NN VB",1
"NNS NN VBD",1
"VBG IN VBG",1
"WP VBD PRP$",1
"CC JJ CC",1
"DT JJS NNPS",1
"VBG , JJ",1
"CD RBS JJ",1
"CD VBD NNS",1
"$ CD JJ",1
"VBD DT VBZ",1
"PRP RB IN",1
"MD|VB VBN RP",1
"PRP ( DT",1
", WDT MD",1
"VBN , VBD",1
"NNS NN VBG",1
"CC RB VBN",1
"FW NN IN",1
"UH : PRP",1
"RB VBG RP",1
"WRB VBP PRP",1
"MD NNS IN",1
"VBG VBD WRB",1
"VBD RB NNP",1
"NN JJ JJR",1
"TO DT RBR",1
"POS VBN NN",1
"CC JJR .",1
"VBG `` JJ",1
"RB RB EX",1
"CC RB VBP",1
". NN CC",1
"VBG NNS ''",1
"JJR NNS VB",1
"`` VBP JJ",1
"VBZ NN CD",1
"JJ CC MD",1
"CC VBZ IN",1
". CD JJ",1
"NNS : JJR",1
"VBD RB NNS",1
"TO , IN",1
"IN PRP TO",1
"VBZ NNP IN",1
"JJS `` PRP",1
"DT NNS PRP",1
"VB . NN",1
"NNS VB RBR",1
"NNP VBP TO",1
"WP MD RB",1
"NNS , VBP",1
": VBZ DT",1
", DT NNPS",1
"EX RB VBZ",1
"NN DT IN",1
"`` DT MD",1
"PRP VB ``",1
"VBG NNS RB",1
", VBG RP",1
"NNP NNP WDT",1
", CC NN",1
", NNP TO",1
"VB DT ''",1
", VBZ VBG",1
"VBD MD ``",1
"RB NNS TO",1
") NNP CC",1
". `` WRB",1
", WP ``",1
"CC RB VBZ",1
". IN VBD",1
"VBD DT VBD",1
"TO PRP$ NNS",1
"VB VBN VBN",1
"RB : :",1
", VBG RB",1
"CD VBZ DT",1
"RB , NNS",1
"WP VBD NN",1
"JJS NNPS IN",1
"NNS '' NNS",1
"IN IN PRP",1
"NNS POS CD",1
"PRP VBZ CD",1
"NNS : LS",1
". PRP ``",1
"NNS NNS VBP",1
"PRP VBZ CC",1
"VBD RB JJR",1
"VBD DT VBN",1
"VBD DT VBG",1
"VBP , IN",1
"RB WRB DT",1
"`` VB RBR",1
"VBP IN EX",1
": CC VB",1
"UH VB DT",1
"WDT PRP MD",1
"NNP NNS VBZ",1
"VBN NN RB",1
"VB VBN VBG",1
"NN VBP VBG",1
"VBN JJR NN",1
"NN VBP :",1
"NNP DT CC",1
"CC NN TO",1
"TO WRB DT",1
"NNS NN VBZ",2
"CD '' .",2
"VBD `` RB",2
"$ CD ,",2
"NNS NNS VBN",2
". MD RB",2
"NNP : NNS",2
", NN NNP",2
"VBN $ CD",2
": DT IN",2
"CD NNS WDT",2
"VBN , RB",2
"`` DT VBD",2
"CD NN NNP",2
"CD . NNS",2
"PRP VBD ''",2
"VB RB NNP",2
"NNP NNS VBP",2
"NNP NN WP",2
"IN VBG VBN",2
"VB NN JJ",2
"NNP NNS VBN",2
"JJS NN PRP",2
"PRP IN PRP",2
"NN NN PRP",2
"IN NNS ''",2
"VBD JJ .",2
"CC RB JJ",2
"CD NN DT",2
"NN . VB",2
"NN IN VBD",2
"RBR JJ CC",2
"PRP . JJ",2
"NNP NN PRP",2
"IN IN PRP$",2
"NN NNS WP",2
"NN WRB EX",2
"CD NNS JJR",2
"NNP NN ''",2
"VB . PRP",2
"RB VBD ``",2
"VBZ NN CC",2
"IN NNS RB",2
"VB DT .",2
"VBZ JJ CC",2
"IN IN VBG",2
"NNP : IN",2
". VBZ IN",2
"NNP CD NNP",2
"NN TO PRP$",2
"CC NN RB",2
"IN VBG VBD",2
"VBZ RB CD",2
"VBD NNP NN",2
": : NN",2
"`` VB IN",2
"VBN NN ''",2
"POS NNS VBD",2
"NN '' CC",2
"TO NNS .",2
", WDT NNP",2
"RB IN ``",2
"PRP$ JJR JJ",2
". PRP$ NNS",2
"VBD NNS CC",2
"JJR , CC",2
"NNS WP RB",2
"NNP ) NNP",2
"VBN RB .",2
"TO VB VB",2
"NNS JJ ,",2
"DT PRP$ NN",2
"IN DT PRP$",2
"DT VBG NNP",2
"VBG PRP$ JJ",2
"WDT VBZ NN",2
") IN DT",2
"NN . VBD",2
"VBZ CD NNS",2
"TO NNS ,",2
"VBN TO ``",2
"VBN VBG DT",2
"VBD . IN",2
"VBN PRP$ NNS",2
"RB , VBZ",2
"VB PRP VBZ",2
"VBD , MD",2
"NNS . RB",2
"JJR NNS TO",2
"VB RBR JJ",2
"POS NN :",2
"WP VBZ JJ",2
"NNS DT NNP",2
"DT PRP$ JJ",2
"VBD TO JJ",2
"IN PRP RB",2
", JJ CC",2
"VBN RB ,",2
"IN NN JJ",2
"NNS IN ``",2
"WDT VBD DT",2
"NNS . TO",2
"NN NN WRB",2
". IN CD",2
"VBN RB CC",2
"RBR JJ NNS",2
". NNS NN",2
"NNS WDT PRP",2
"RB NNP MD",2
", CD IN",2
"NN : PRP",2
"VBN , DT",2
"RBR IN DT",2
": NN CD",2
"VB DT MD",2
"NNS . VBZ",2
"DT . JJ",2
"VBG NNP NN",2
"IN NN CD",2
"( LS )",2
"VBD IN JJR",2
"NN VBD CD",2
"DT JJR NNS",2
"NNP TO ``",2
"RB IN RB",2
"WP VBZ CD",2
"JJ NNS VBZ",2
"`` VBN NN",2
"IN IN NNS",2
"IN TO VB",2
"VBN NN TO",2
"IN PRP$ JJR",2
"NNS VBP ,",2
"VBD NN NNS",2
"POS NNS CC",2
"VBN IN ,",2
"VBZ VBN NNP",2
"`` IN NN",2
"NNS CC RB",2
"VBZ JJ NNS",2
", RB .",2
"IN JJR IN",2
"VBP IN IN",2
"NN VBD NN",2
"PRP TO DT",2
"`` MD RB",2
": : PRP",2
"VBZ , IN",2
"VBG PRP IN",2
"CD IN PRP$",2
"NNS VBD NNP",2
"RP DT NN",2
", DT IN",2
"WP VBP IN",2
"POS JJ NNP",2
"VBN IN .",2
"NN NNP CD",2
"CD IN JJ",2
"NNP , VBP",2
"VB NN CC",2
"POS NNP ,",2
"VB JJR NN",2
"VB . IN",2
"NNS NN CC",2
"IN JJR NN",2
"IN NN WDT",2
"NN RB ,",2
"IN NNP WP",2
"VBD CC VBD",2
"CC VBN NN",2
"NNS . VBG",2
"NNS . :",2
"IN NNS MD",2
"NNP NNP )",2
"PRP VBP VBD",2
"VB NN VBG",2
"VBN TO CD",2
"WDT PRP VBZ",2
"NNP `` VB",2
"VBP PRP$ NN",2
"PRP$ NN VBN",2
"CD RB IN",2
"CD NN JJ",2
"VBD PRP ''",2
"WP VBP VBG",2
"CD NNS POS",2
", EX VBD",2
": `` WRB",2
"PRP RB DT",2
"CC NN NNP",2
"CC MD RB",2
"`` NN NNS",2
"NN JJ NNP",2
"TO NNS TO",2
"NNS PRP$ JJ",2
"NN VB IN",2
"PRP$ NN POS",2
"JJR , JJR",2
"NN PRP RP",2
"NNS , TO",2
"RB VBP IN",2
"NNP ( NN",2
"RB IN VBG",2
"IN EX VBD",2
", VBZ NN",2
"CD VBG NN",2
"VBZ . ``",2
"VBP VBN JJ",2
"DT NNS WP",2
"RB CD NN",2
"JJ CC IN",2
"NN VBP IN",2
"VBP VBN .",2
"CC CD IN",2
"IN DT DT",2
"IN NNS VBZ",2
"CC JJ IN",2
"NNP . VBG",2
"VBP JJ IN",2
". EX VBP",2
"NNS VBD VBG",2
"JJR IN JJ",2
"IN '' .",2
"VBD IN ,",2
"VBG , PRP",2
"PRP IN JJ",2
"DT VBN JJ",2
"RBS IN DT",2
"( NN )",2
"NN POS RBS",2
"NNS , WP",2
", JJR ,",2
") IN NN",2
"CD CD TO",2
"CC PRP$ NNS",2
"CC VBD PRP$",2
"'' DT NN",2
"PRP VBZ NNP",2
"NNS POS NNS",2
"`` PRP$ NN",2
"NN POS JJS",2
", MD RB",2
"WDT VBZ TO",2
"VBZ DT VBN",2
". RB DT",2
": PRP VBP",2
"WDT VBP TO",2
"NN WRB PRP",2
"IN PRP$ NNP",2
": NNP VBD",2
". VBZ NNP",2
"CD JJ NNP",2
"( NN .",2
"VBZ NN NN",2
"TO VBG DT",2
"NNS VBP VBG",2
"VBD NN VBD",2
"VBZ NNP RB",2
"IN PRP ,",2
"CC VBD NNP",2
"VBN CD JJ",2
"NNS NNP .",2
"VBP VBG IN",2
"CD NNS MD",2
"NNS CC NNP",2
"'' , VBG",2
"JJ `` NN",2
"POS RBS JJ",2
". JJ JJ",2
"NNP NNP SYM",2
"TO NNP NNS",2
". DT $",2
"NN , RBR",2
"NNP TO DT",2
"DT NNPS POS",2
"WP VBP DT",2
"VBN NNS MD",2
"VBZ PRP MD",2
"IN VBG .",2
"CD DT NNP",2
"JJ NNS ``",2
"TO NN ,",2
"JJ , VBZ",2
"CC DT WP",2
"WRB PRP VBP",2
". NNS MD",2
"WRB EX VBD",2
"NN `` NN",2
"NN IN NNPS",2
". RB CD",2
"NN : CC",2
"IN PRP ``",2
"NN TO VBG",2
"IN DT RBS",2
"IN JJ ``",2
"WDT DT JJ",2
"RB DT NNP",2
"VBN RB DT",2
"NNS : IN",2
"NN : CD",2
"VBG NN TO",2
". NNS JJ",2
"VBD IN $",2
"NN NN WP",2
"NNPS , NNP",2
"NN , EX",2
"VBG PRP ,",2
"RB NN IN",2
"WP VBD JJ",2
"WDT NNS MD",2
"VB VBN RP",2
"VB VBG NN",2
"CC NNS TO",2
"VBG JJ NN",2
", WDT DT",2
"NNP VBZ TO",2
"RB VB WRB",2
"RB DT RBS",2
"DT VBZ IN",2
"JJ `` JJ",2
"JJ TO JJ",2
"WDT VBD JJ",2
"`` VBP DT",2
"VBG NN CC",2
"CD WP VBP",2
"VBD . VBG",2
", VBD CD",2
"VBZ IN PRP$",2
"VBP CD :",2
"VBD . RB",2
"WP VBP JJ",2
"IN JJS CD",2
"VBZ DT RBS",2
", VBD EX",2
"CD CC CD",2
"WRB DT IN",2
"VBN , ``",2
"RBR JJ TO",2
"WRB PRP VBZ",2
". NNP NNS",2
"VB RB TO",2
"CC CD JJ",2
"LS JJ NN",2
"JJ VBD DT",2
"NNP : :",2
"VBN PRP MD",2
"NNP VBG NN",2
"NNS WDT MD",2
"NNP VBP VBG",2
"VB IN CD",2
"IN NNP PRP",2
"VBD PRP ,",2
"VBD IN ``",2
", RB RB",2
"VBD . NNS",2
"'' . JJ",2
"'' '' .",2
"VB '' ,",2
"VBD RB :",2
"VB NNS DT",2
"JJ IN $",2
"VBD EX VBZ",2
"VB `` DT",2
"PRP$ NNS .",2
"JJ , PRP",2
"NNS VBG NNP",2
"VBG VBN ,",2
"IN VBN JJ",2
"VB `` TO",2
"JJ CC DT",2
"VBN NNP CD",2
"CD : VBG",2
"VBP PRP .",2
"WP VBD .",2
"RB VBD VB",2
"CC VBG IN",2
"VBG DT CD",2
"WP TO VB",2
"WP VBP RB",2
"VBD DT IN",2
"IN VBG CC",2
"NNP RB RB",2
"CD DT JJ",2
"'' NNP VBD",2
": VBG IN",2
". WRB PRP",2
"NNS NNP NNP",2
"NNP VBD VBG",2
"'' . NNS",2
"TO CD RB",2
"VBN NNP NNP",2
"NNS RB TO",2
"`` NNP ''",2
"CD : :",2
"CC WP VBZ",2
"VBD PRP CC",2
". ) :",2
"IN NNS DT",2
": DT CD",2
"VBN NNS VBZ",2
"VBN JJ NNP",2
"CC VB NNS",2
"NNP NN ``",2
"PRP RP VBD",2
". VB NN",2
"VB CC WRB",2
"'' NNS IN",2
", CC CD",2
"CD NNP IN",2
"`` RB PRP",2
"VBZ IN NNS",2
"RB IN NNS",2
"NN VBN JJ",2
"VBG PRP TO",2
"VBZ RBR JJ",2
". DT JJR",2
"`` VBG DT",2
"NNP POS ``",2
"DT CD TO",2
"VB DT IN",2
"CC VBG DT",2
"NNP NNS NN",2
", VBD PRP$",2
"VBD , CC",2
"NNS VBD ,",2
"'' PRP VBD",2
"VBZ CD NN",2
"`` RB DT",2
"CC VBN TO",2
"CC NN :",2
"VB NNS VB",2
") NN CC",2
". DT VBP",2
"RB CD JJ",2
"NN TO ``",2
"CC VBP RB",2
"CC IN NNP",2
"VB NNP CD",2
"VBZ RB VBG",2
"JJR NN .",2
", VBG PRP",2
"IN JJ ''",2
"CD . NN",2
"CD VBP NNS",2
"MD VB RP",2
"NNP . :",2
"PRP$ NN NNS",2
"NN , VBP",2
"CC WRB TO",2
"VBP DT IN",2
"NN CC RB",2
"IN `` NN",2
"NN '' NNS",2
"NNS VBG PRP",2
"'' . VBG",2
": CC PRP$",2
"PRP VBD VB",2
". EX MD",2
"RB VBZ RB",2
"JJ VBD IN",2
"NNP . RB",2
"NNP NNP WRB",2
"RB . CC",2
"VB NN .",2
"POS NN NNP",2
"VBG RP IN",2
"DT JJS JJ",2
"CC VBD RB",2
"VBD WP VBD",2
"NN : JJ",2
"VB NN ,",2
". MD VB",2
"VB JJ DT",2
"VBN . NN",2
"CC VB JJ",2
". NN NNP",2
"POS NN VBZ",2
"CC EX VBD",2
"NN CC EX",2
"CC IN IN",2
"DT NNS :",2
"JJ NNS WDT",2
"RB NNP VBD",2
"VBN NN NNS",2
"JJ CC RB",2
"IN JJR NNS",2
"VBG NNP IN",2
"'' IN PRP$",2
"NNS VB NNP",2
"VBN RP NN",2
", JJ TO",2
"VBN JJ JJ",2
"CD , PRP",2
"PRP IN IN",2
"VBD VBN CC",2
"NNS WDT VBD",2
"NNS VBP JJ",2
"VBG CC VBG",2
"RP NNP POS",2
"PRP . NNP",2
"VBP IN NNP",2
"NNS CC VBG",2
"( NNP ,",2
"VBG RB CD",2
"RB , MD",2
": PRP$ JJ",2
"JJ '' IN",2
"CD NNP JJ",2
"IN DT WP",2
"RB RB ''",2
"DT VBD VBN",2
"DT IN NNS",2
"TO NN IN",2
"JJR JJ NN",2
"VBG CC JJ",2
"NN WDT NNP",2
"NNS JJ NNP",2
"RB VBD NN",2
"CD NN CC",2
"JJ CC CD",2
"RB $ CD",2
"VBD . JJ",2
"RB JJR NN",2
"VBN `` IN",2
"PRP$ NN PRP",2
": NNS IN",2
"VBZ IN JJ",2
"NN VBN VBG",2
"VB VBN NNP",2
"VB DT DT",2
"VBP VBG RB",2
"VBG NNP POS",2
"JJ PRP VBD",2
"VBD MD VB",2
"NNP . CC",2
"VB PRP CC",2
"VB , CC",2
"NNP . EX",2
"NN NNS JJ",2
"DT . DT",2
"NNP RB MD",2
"CC VBD VBN",2
"DT NNPS .",2
"IN WP VBZ",2
"'' , CC",2
"PRP VBZ VBD",2
"POS NN ''",2
"IN VBG NNP",2
"PRP$ NNP NN",2
"NNP WP VBP",2
"VBN VBG TO",2
", RB PRP",2
"NN WDT DT",2
"IN NNS NNP",2
"WRB PRP VB",2
"RB VBD TO",2
"JJ NNP .",2
"IN NNP DT",2
"'' NN VBD",2
"IN VBN NN",2
"CC VB NN",2
"CC JJR NN",2
"VBD VBG PRP",2
"NNPS . ``",2
"IN WDT NN",2
"DT NNPS ,",2
"NNS IN VBN",2
". NNS RB",2
"TO NNP TO",2
") : NNP",2
"TO CD CD",2
"NNP TO NN",2
"DT IN NN",2
") : CD",2
"PRP JJ TO",2
"CC NNS CC",2
"RB VBG CC",2
"VBD , VBG",2
"VB CD JJR",2
"JJR NNS IN",2
"JJ NNP :",2
"IN VBG RP",2
"VB NNP IN",2
"`` DT RB",2
"IN CD WP",2
"NNP POS CD",2
"JJ WRB DT",2
"NNS CC VBZ",2
"PRP$ NN RB",2
"IN RB JJR",2
"NNP PRP VBD",2
"VBN '' ,",2
"JJ JJ CC",2
"NNP WP VBZ",2
"IN WRB PRP",2
"VBN '' .",2
"CD IN IN",2
"JJ . IN",2
"VBN . RB",2
", IN NNS",2
"NNS `` MD",2
"NN '' TO",2
"WDT JJ NN",2
"PRP VBZ .",2
"NN VBP TO",2
"RB VBN VBG",2
"DT JJ ``",2
") VBD DT",2
". CC EX",2
"NNP : NN",2
"NN CD .",2
"DT NNS WDT",2
"DT MD RB",2
"IN TO NN",2
"VBP NN TO",2
"VBD RB CD",2
"NNP CD TO",2
"VBN VBN JJ",2
"NN VBG TO",2
"CD RB TO",2
"RB RB DT",2
"`` DT CD",2
"JJ , IN",2
"VBZ NN NNS",2
"JJ `` NNS",2
"NNP VBG IN",2
"VBN CC DT",2
"NNS DT JJ",2
"JJ NN JJ",2
"JJ JJ .",2
", IN RB",2
"WDT VBD VBG",2
"PRP$ NNP NNS",2
"NN . LS",2
"JJR NN VBD",2
"DT RB JJR",2
"NN VBG RB",2
"JJ CD CD",2
"NN . .",2
"JJ NNS PRP",2
"EX VBP DT",2
"VBP VBN CD",2
"RB VBN VBN",2
"$ CD NNP",2
"CD NNS ''",2
"RBR IN JJ",2
"POS NNS ,",2
"IN NNP VBP",2
"PRP RB RB",2
"VBD IN TO",2
"VBN PRP IN",2
", CC JJR",2
"NN NNS VB",2
"VBD , WRB",2
"RB NN ,",2
"VBZ VBN .",2
"VB RP ''",2
"WP VBZ VBG",2
"IN NN VBP",2
"PRP VBP PRP$",2
"VBD NNP ,",2
"NN . )",2
"WDT RB VBD",2
"IN WDT JJ",2
"IN NNS WP",2
"IN , PRP",2
"VB '' DT",2
"RP NN IN",2
"RB . VBG",2
"VB IN JJS",2
". CD VBD",2
"PRP . PRP",2
"NNP NNS VB",2
", NNS IN",2
"VB DT PRP$",2
"CC JJ NNP",2
"VBP VBG .",2
"NNS VBN RB",2
"NNS `` IN",2
"CC DT $",2
": IN PRP",2
"VBN DT NNS",2
"VB TO CD",2
"VBD NNP TO",2
"NNP POS VBN",2
"VBP DT CD",2
"IN TO $",2
"TO JJ JJ",2
"TO VB WP",2
"VBN TO NNP",2
"NN . MD",2
"NNS VBG NN",2
"WP VBP NN",2
", NNP )",2
"DT NN (",2
", `` NN",2
"VB WP MD",2
"VBG NN MD",2
"NNS CC $",2
"NNS NNS .",2
"NN RB MD",2
"NNP VB VBN",2
"VBD VB IN",2
"JJ NN CD",2
"VBZ IN ''",2
"CC DT VBD",2
", WP MD",2
"CC JJ ,",2
"NNS NNP IN",2
"NNS IN TO",2
"VB CD NN",2
"TO NNP ,",2
"CC NNP NN",2
"NN VBZ ``",2
"VBN . PRP",2
"CC DT VBG",2
"JJ NN )",2
"VBD NNP POS",2
"VBP DT NNS",3
"RP IN NNP",3
"IN RB CD",3
"WP VBD TO",3
"NNP . NNS",3
"IN VBG TO",3
"VB DT RBR",3
". RB PRP",3
"NNP RB IN",3
", IN WDT",3
"VB , NNP",3
"VBZ . NNP",3
"RB VBZ DT",3
"JJ NNS NNS",3
"NN VBN TO",3
"DT CD IN",3
", NNP (",3
". NNS VBP",3
"VB RB .",3
"VBD IN VBG",3
"NN NNS DT",3
"VBZ VBG VBN",3
", VBZ RB",3
"VB , DT",3
"TO CD NN",3
"VBP VBN RB",3
"WDT VBD VBN",3
"CD NNS TO",3
"VBD NN .",3
"VBN NNS .",3
"IN , IN",3
"POS JJ JJ",3
"JJ . DT",3
"VBD NN TO",3
"`` NNP NNP",3
"VB JJ JJ",3
"POS NNS .",3
"VB PRP DT",3
"RB , IN",3
"NN VBZ RBR",3
"CD JJR NN",3
"VBZ DT NNS",3
"DT IN PRP$",3
"VBZ NN NNP",3
". TO VB",3
". PRP$ JJ",3
"NNS TO NN",3
"NNP NN DT",3
"CD NNS VBG",3
"RB VBN ,",3
", RB VBG",3
"CD IN NNS",3
"CD VBD IN",3
"JJ , CC",3
"CD NN WP",3
"NNP ) VBD",3
"CC , IN",3
"JJ , NNP",3
"WDT NNS IN",3
"NNP NNS CC",3
") : DT",3
"RB VB PRP$",3
"CD NNS DT",3
"POS NNS TO",3
"MD VB JJR",3
"JJS JJ NN",3
"RB VBN NN",3
"NNP DT NNP",3
"WDT DT NNP",3
"VBG NN WP",3
"NN WRB DT",3
"NNS VBD NN",3
"CC $ CD",3
"`` PRP RB",3
"NN NNS VBN",3
"NN CD ,",3
". DT NNPS",3
"IN CD RB",3
". : VBG",3
"JJR NNS ,",3
"CD , VBD",3
"VBD JJ CC",3
"JJ VBG NN",3
"VB VBG NNS",3
"NNPS MD VB",3
"IN WP VBD",3
"IN , CC",3
"DT , PRP",3
", IN VBG",3
"CD . IN",3
"NN TO CD",3
"NNP NNS TO",3
"NN NNS VBG",3
"JJ , NN",3
", RB VBZ",3
"EX VBZ NN",3
"VB IN PRP",3
"DT NNP TO",3
"VBD PRP DT",3
". `` NN",3
"DT NNP JJ",3
"CC NNP IN",3
"VBD VBN NN",3
", VBD JJ",3
"CD , CD",3
"JJ TO CD",3
"NNP RB .",3
"VB PRP RB",3
", VBG NNP",3
"CD , CC",3
"NN `` IN",3
"NNP DT JJ",3
"NN CC VBN",3
"NNS WP MD",3
"NN NNS :",3
"IN PRP IN",3
", WDT VBZ",3
"DT VBN NNP",3
", VBP VBN",3
"NNP NNS NNS",3
"JJ DT NNP",3
"IN NNP VBG",3
"'' IN NN",3
"NN ) NN",3
"VBP RB VBG",3
"CD : NNP",3
"WRB TO VB",3
"CC NN ,",3
"VBZ DT RB",3
"VB CD CD",3
"NNS IN IN",3
"CD VBG NNS",3
"'' DT JJ",3
"`` NN NN",3
"VBD RB TO",3
". DT CD",3
", VBZ JJ",3
"IN NNS VBD",3
"TO VB JJR",3
"NN WDT RB",3
"DT VBD IN",3
". IN PRP",3
"NN VBP NNP",3
"WP VBZ RB",3
"NNP CC VBZ",3
"DT IN NNP",3
"VBD IN EX",3
"NNS VB DT",3
"NNP WP VBD",3
"POS CD JJ",3
"VBD `` DT",3
"VBP RB RB",3
"MD VB $",3
"VBN , NNP",3
"DT JJ VBD",3
"VBG IN NNS",3
"JJR NN TO",3
"'' JJ ''",3
"JJ CC VBN",3
", CD NNP",3
"RB PRP VBZ",3
"VBN NNS TO",3
"VBD RB VBG",3
"VBZ VBN PRP",3
"JJ NNS WP",3
"CC VBD ,",3
"JJ NN VBN",3
", NNP VBZ",3
"NNP CD NN",3
"VBD , VBZ",3
"JJ '' NNS",3
"VB NNP CC",3
"PRP IN VBG",3
"IN NN MD",3
"VB IN TO",3
": CD IN",3
"IN VBN IN",3
"NN , VBN",3
". . NNP",3
"VBP RB TO",3
"`` IN PRP",3
"RB CC VBD",3
"IN RBR IN",3
"VBG IN JJ",3
"CC EX VBZ",3
". VBG NN",3
"NNS VBD .",3
"VBP JJ TO",3
"IN RB IN",3
"`` VBZ VBN",3
"IN IN TO",3
"VBD . CC",3
"TO DT VBN",3
"NNP '' ,",3
"RB JJ CC",3
"VBN JJ NNS",3
"VBN VBG NN",3
"VB JJ CC",3
"PRP$ JJ CD",3
"VBN NNP .",3
"NN IN .",3
"IN IN JJ",3
"PRP$ NNS ,",3
"NN : :",3
"CD NNP ,",3
"DT NN WRB",3
"VBN NNS CC",3
"RB VBP DT",3
"JJ . JJ",3
", `` VBZ",3
"VBD DT ``",3
"VBZ VBN NN",3
"NN TO NNS",3
"NNP . JJ",3
"VB PRP RP",3
"NNP CD JJ",3
"MD RB RB",3
". WRB DT",3
"VBN CD NNS",3
". `` JJ",3
"CC VBD PRP",3
"NNS VBZ IN",3
", PRP$ NN",3
"NN DT NNS",3
"JJR JJ NNS",3
": `` PRP",3
"NNS . JJ",3
"JJ JJ JJ",3
"RP '' .",3
". CC RB",3
"RB CC IN",3
"IN WDT PRP",3
"CC MD VB",3
"PRP$ NN MD",3
"NN CD NN",3
". NNP DT",3
"VB NN ''",3
"NNP VBD CD",3
"RB DT NNS",3
"JJ , RB",3
"CC RB RB",3
"NNS NNP VBD",3
"RB NNP NNP",3
", EX VBZ",3
"VBD WRB PRP",3
": : NNP",3
"CC VBN NNS",3
", WRB DT",3
"IN DT JJR",3
"RB NNP ,",3
"`` MD VB",3
"DT '' .",3
"NNP NNP VBP",3
". `` CC",3
"PRP$ NNS :",3
"CC DT IN",3
"IN RB JJ",3
"VBD DT JJR",3
"VB JJR IN",3
"RB VBN RB",3
". DT ,",3
", RB DT",3
"NN VBN NNP",3
"DT NNPS VBD",3
"RB VBG IN",3
"IN WDT NNS",3
"`` VBG IN",3
"CD . PRP$",3
"NN NNS NNP",3
"EX VBZ RB",3
"IN PRP .",3
"NNP JJ IN",3
"VBD PRP$ NNS",3
"DT NNS VBG",3
"JJ IN PRP",3
"PRP VBD MD",3
", CC WP",3
"RB CC RB",3
"NN VBN DT",3
"NN RB DT",3
"VBZ IN VBG",3
", DT VBG",3
"CC VB IN",3
"IN JJ NNP",3
"'' . IN",3
": PRP VBD",3
"VBG IN PRP$",3
"CD RB .",3
"RB '' .",3
"CC VBZ DT",3
"TO VB RP",3
"NN WRB NNP",3
", CC JJ",3
"NN VBZ CD",3
"CC IN NN",3
"VBN , VBZ",3
"VBD CD IN",3
"NN : IN",3
", JJ JJ",3
"RB '' ,",3
"NN CC PRP",3
"RB RB VBZ",3
"VB NNS .",3
". `` PRP$",3
"PRP VBP TO",3
"CD TO $",3
"VBN . DT",3
"NN , TO",3
"NNP , WRB",3
"TO RB VB",3
"NN IN RB",3
"VBP VBN VBG",3
"VBN NNP NN",3
"IN EX VBZ",3
"NNS RB VBP",3
"VBN . IN",3
"RB JJ NNP",3
"RBR JJ IN",3
"NNS DT NNS",3
"NN IN JJR",3
"VBD , IN",3
"IN `` DT",3
"NN VBP DT",3
"NN . PRP$",3
"IN DT RB",3
"PRP VBP NNP",3
"VBD RB PRP",3
"NN VBZ NNP",3
"NN JJ TO",3
"JJ IN NNS",3
"NN CC NNS",3
"TO NNS IN",3
"NNS , VBZ",3
"RB VBD JJ",3
"CC RB VBD",3
"NN RB JJ",3
"RB , PRP",3
"NN VBG NNS",3
"WRB DT NNP",3
"VBD VBN ``",3
"VB RP IN",3
"JJR NN NNS",3
", WRB NNP",3
"VBD CD JJ",3
"IN RB DT",3
"TO NN CC",3
"WDT PRP VBD",3
"NN VBG NNP",3
"NNP CC IN",3
"NN VBD NNP",3
"NN CC MD",3
"JJ DT JJ",3
", NNS VBD",3
"CC VB PRP$",3
"VB $ CD",3
"RB VB NNS",3
"VB NNP DT",3
"PRP$ NNS TO",3
"'' . CC",3
"NNS . WRB",3
"RB RB CC",3
"$ CD RB",3
"VBN `` JJ",3
"CD TO DT",3
"VB NNP VBD",3
"NNS IN WDT",3
"NN ( NN",3
"NNS CC IN",3
"VB DT JJR",3
"NNP VBP RB",3
"VBP IN CD",3
"$ CD .",3
": CC DT",3
"VB VBN CC",3
"VBG NNS CC",3
"VBD TO NNP",4
"VB DT VBN",4
"VB . NNP",4
"DT DT NN",4
"POS NN VBD",4
"VBN RB RB",4
"NN VBD NNS",4
", RB VBN",4
"PRP$ NNS CC",4
"NN JJ NNS",4
"VBD TO DT",4
"VBN VBG IN",4
"IN `` JJ",4
"CD NNP NN",4
"PRP$ NNS ''",4
"NNS VBP DT",4
"JJ JJ NNP",4
"`` DT JJ",4
", IN PRP$",4
"NNP ) IN",4
"RB JJR IN",4
"WP VBZ DT",4
"NNP NNS MD",4
"NNS CC PRP",4
"RB JJ NNS",4
"VBD , RB",4
"NN NNP NN",4
"JJ NNP VBD",4
"VBN VBN RB",4
"DT NNP MD",4
"VBZ PRP$ NN",4
"VBN NN .",4
"IN NN POS",4
"NNP CC VBD",4
"`` DT NNP",4
"WRB NNP NNP",4
"WRB DT JJ",4
"CC IN PRP",4
"JJ NN WRB",4
"WRB NNP VBD",4
"JJ '' NN",4
"NNS VB VBN",4
"VBZ IN NN",4
"VB RB VBN",4
"VBD JJ IN",4
"CD VBD VBN",4
". IN IN",4
"IN NNP ''",4
"PRP , IN",4
"NNS '' IN",4
", RB VBD",4
"VBD DT JJS",4
"NNS : :",4
"PRP DT JJ",4
"TO NN NN",4
"VBZ CD IN",4
"VBN VBN TO",4
"NNP VBG DT",4
": CD NNS",4
"CC VBN IN",4
"TO NN .",4
"VBG TO NNP",4
"VBN NN NN",4
"VBG IN CD",4
"NN WDT VBD",4
"TO PRP$ NN",4
"NNS , VBN",4
", VBD ,",4
"POS CD NN",4
"RB . PRP",4
"IN NN VBG",4
"NNP NN VBG",4
"PRP$ CD NN",4
"IN NN VBD",4
"VBD VBN NNS",4
"VBZ VBN PRP$",4
"RP DT JJ",4
"CC VBD JJ",4
"PRP VBP VBN",4
"NN VBZ NN",4
"IN RB VBG",4
"NNS VBD JJ",4
"VBN JJ TO",4
"RB RB VBD",4
"RB RB JJ",4
"VBG IN IN",4
"RBS JJ NN",4
"NNP TO NNP",4
"VBG IN PRP",4
"PRP VBP CD",4
"NN CD IN",4
"JJ DT NN",4
"VBD , DT",4
"IN NNS TO",4
"DT VBZ RB",4
"JJS NN IN",4
"VBD PRP TO",4
"NNP NNP :",4
": IN DT",4
"RB VBZ TO",4
"TO CD IN",4
"CC NNS .",4
"RB VB NN",4
"'' . VBZ",4
"CD NNS JJ",4
"DT VBD DT",4
"`` PRP VBD",4
"PRP$ NN CC",4
"WDT DT NN",4
"NNS VBD TO",4
"NNP , TO",4
"IN IN CD",4
"VB RB DT",4
"PRP RB VBZ",4
"NNS VBG DT",4
"VBZ VBN CD",4
"NNS RB RB",4
"NNP JJ NNS",4
"PRP VBZ NN",4
"NN VBZ TO",4
"`` TO VB",4
"NN CD MD",4
"RB RB RB",4
"NN . VBZ",4
"IN NNS VBN",4
"VBN IN RB",4
"PRP$ NNS VBP",4
", VBD TO",4
"CD IN CD",4
"JJ NNS DT",4
"NNP CD IN",4
"NNS JJ IN",4
"VB RP DT",4
"RB . DT",4
"PRP$ JJ JJ",4
"DT NNS VBZ",4
"VBD , VBD",4
". IN PRP$",4
"VB RB RB",4
"NN PRP MD",4
"VB VBG IN",4
"VBG NNS ,",4
"NNP VBD :",4
"NNP VBD RP",4
"NNS , CD",4
"VBD PRP RB",4
"NN IN WP",4
"NN NNS MD",4
"WP VBP VBN",4
"MD VB VBG",4
"`` NN IN",4
"DT CD CD",4
"NNS VBZ VBN",4
"NNS VBP RB",4
"JJ VBG NNS",4
"DT JJ VBG",4
", CC NNS",4
". RB IN",4
"POS JJ NNS",4
"RB IN IN",4
": DT NNP",4
"NNP VBZ JJ",4
"JJR IN CD",4
", CD NNS",4
"RB JJ .",4
"CC NN ''",4
"NN CC CD",4
"PRP . DT",4
", VBD PRP",4
"RB VB NNP",4
"NNP CC NN",4
"RB VBG DT",4
"NNP RB VBZ",4
"VBG . NNP",4
"CD NN TO",4
"CC PRP VBZ",4
"IN EX MD",4
"NNS VBN TO",4
". NN CD",4
", VBG TO",4
"NN NNP .",4
", IN IN",4
"VBN RB JJ",4
"POS NN CC",4
"RB DT JJ",4
"RBS JJ NNS",4
"VBG NNS TO",4
". CD IN",4
"WP VBD VBN",4
", VBZ TO",4
"IN TO DT",4
"VBZ VBG TO",4
"NN NNP VBD",4
"PRP VBP NN",4
"VB IN NNS",4
"RB VB RP",4
"VBP PRP MD",4
"NNS , WDT",4
"`` NNS ''",4
"NNS . CC",4
"CC DT CD",4
"NNS . CD",4
"VB PRP ''",4
"NNP NNP CD",4
"VB PRP TO",4
"VB DT CD",4
"VBD PRP VBZ",4
"NN VB VBN",4
"IN JJ ,",4
"NN . VBG",4
"VB , PRP",4
"VB DT $",4
"CC TO VB",4
"NNP NNP ''",4
": `` DT",4
"VBD NNP DT",4
"VBD VBN RP",4
"VBN , IN",4
"NNP , MD",4
"WP VBD RB",4
"NN NNS VBP",4
"NN RB TO",4
"WDT VBZ VBN",4
"CD CC VBD",4
"NN WDT MD",4
"RB VBD PRP",4
"VBZ JJ NN",4
"NNS RB .",4
". VBZ NN",4
"VBD NNS VBG",4
"NNP IN JJ",4
"NNS RB ,",4
"VBZ VBN JJ",4
"PRP VBD VBG",4
"VB VBN JJ",4
", WRB PRP",5
"PRP VBD PRP$",5
"VBZ JJ TO",5
"IN VBG PRP$",5
"VBP NNP NNP",5
"RB VBD RB",5
"VBD PRP$ JJ",5
"'' . NN",5
"CD NNS RB",5
"CD IN NNP",5
"NNS MD RB",5
"VB NNS TO",5
"VB . DT",5
"VB IN PRP$",5
"NNS NN .",5
"VBN IN NNS",5
"NN , JJ",5
"CD NN VBD",5
"DT NN VB",5
"NN NN DT",5
". IN NNS",5
"JJ NNS NN",5
"RB VB TO",5
"JJ TO DT",5
", NN CC",5
"VBZ VBN VBG",5
". NNS VBD",5
"`` DT VBZ",5
". NN VBN",5
"CD , DT",5
"IN NNP JJ",5
"`` JJ ''",5
"DT RBR JJ",5
"VBZ VBN ,",5
"CD NN ,",5
"DT NN :",5
". VBG DT",5
"CD ( NNP",5
"VB TO NNP",5
"VBD RP IN",5
"VBN JJ IN",5
"VBZ VBG DT",5
"NN . CD",5
"IN NN PRP",5
". CD NN",5
"CC NNP VBD",5
"JJ NNS VB",5
"'' . ``",5
"JJ '' .",5
". CD NNS",5
"NNP NNP WP",5
"NNS TO NNS",5
"NNP NNP ``",5
"VBG NN ,",5
"VBZ IN IN",5
"VBP RB VB",5
"NNP VBZ IN",5
"NNP IN VBG",5
": DT JJ",5
"VB NNS CC",5
"VBN IN PRP",5
", DT CD",5
". `` NNP",5
"NNP : NNP",5
"IN NNS VBP",5
"NNP IN PRP",5
". DT VBD",5
"TO VB VBG",5
"JJ NN WP",5
"IN WP PRP",5
"WP PRP VBD",5
"IN NN RB",5
"VB RB JJ",5
"JJ NN VBP",5
"NNS NN IN",5
"VBG VBN IN",5
"RB VBD NNP",5
"VBD RB ,",5
"VBP RB VBN",5
", VBZ IN",5
"NN POS CD",5
". IN VBG",5
"CC VBD TO",5
"NN NN :",5
"NNS VBD PRP",5
"CD : DT",5
"CD CD IN",5
"IN WDT DT",5
"MD VB ,",5
", IN CD",5
"NN NN JJ",5
". DT MD",5
"`` VB DT",5
"`` RB JJ",5
"'' NN IN",5
"DT NN PRP",5
", VBZ DT",5
". CC DT",5
"VBD $ CD",5
"JJ IN PRP$",5
"DT NNP CD",5
"NNS . NNS",5
", PRP VBP",5
"CC VBZ VBN",5
"NNP IN PRP$",5
"NN NNP IN",5
"RB IN PRP$",5
"NNP CD ,",5
"NNP CC JJ",5
". VBG IN",5
"RB RB VB",5
"NN NN VBN",5
"DT NNS RB",5
"NN VBP VBN",5
"EX VBZ VBN",5
"NN NNS ''",5
"JJ NN PRP",5
"NNS NN ,",5
", JJ IN",5
"NN '' NN",5
"NNP : DT",5
"NNP CD (",5
"JJ IN CD",5
"PRP VBD ``",5
"VBP RB JJ",5
"NN RB .",5
"IN DT JJS",5
"VBD VBN .",5
"VB IN VBG",5
"DT VBN NNS",5
"PRP VBP PRP",5
"JJ IN JJ",5
"VBD VBN JJ",5
"'' IN NNP",5
"`` DT NNS",5
"VB DT VBG",5
"PRP VBP JJ",5
"DT NN ``",5
"IN PRP$ CD",5
"IN CD VBD",5
"VB '' .",5
". NNP NN",5
". EX VBZ",5
"WDT NNP VBD",5
"NN VBG NN",5
"IN VBG PRP",5
"DT VBG IN",5
"JJ NN WDT",5
"RB VBN NNS",5
"`` CC PRP",5
"NN , ``",5
"JJ NN POS",5
"NN RB VBZ",5
"NNP VBZ NNP",5
"VBD IN RB",5
"RB , CC",5
"NN VBD VBG",5
"RB VB JJ",5
"MD VB PRP$",5
"RP IN DT",5
"VBG RB IN",5
"VB CC VB",5
"DT WP VBP",5
"VBN IN PRP$",5
"PRP IN NN",5
"VB RB IN",5
"VB PRP .",5
"VBD RB DT",5
"NNS , JJ",5
"'' . .",5
"NNS VBG IN",6
"CC JJ JJ",6
"PRP$ NN ''",6
"PRP VBD CD",6
"DT `` JJ",6
"PRP '' ,",6
"NN CC IN",6
"NNP ) :",6
"RB VBN NNP",6
"NN IN TO",6
"NNP , VBZ",6
"NNP NN TO",6
"CD NNS VBN",6
"RBR IN CD",6
"NNP NN POS",6
"PRP VBD JJ",6
", CC IN",6
", WDT VBD",6
"NN NN WDT",6
"VB VBN RB",6
"WP VBZ IN",6
"IN JJ CC",6
"NN , WRB",6
"VB JJ IN",6
"NN NN VBG",6
"VBD : ``",6
"IN IN NNP",6
"VBP VBN VBN",6
"EX VBZ DT",6
"VBG DT NNS",6
", CD .",6
"JJ NN VBG",6
"NN : DT",6
"PRP VBD TO",6
". NNP MD",6
"DT CD JJ",6
"NNP CD .",6
"VB IN IN",6
"NNP '' .",6
"NNP VBD TO",6
"DT NNS VBN",6
"VBG TO DT",6
"IN PRP ''",6
"RB RB .",6
"VBD IN PRP$",6
"NNP , WDT",6
"VBD VBN NNP",6
"VBZ VBG IN",6
"TO VB TO",6
"VBN . NNP",6
"VB CD JJ",6
"RB PRP MD",6
"JJ NNP IN",6
"NN , CD",6
"WP VBD IN",6
"DT NNS VBP",6
"CC PRP$ NN",6
"DT NNP VBP",6
", `` DT",6
"POS NNS IN",6
"CD JJ JJ",6
"NNS RB IN",6
"RB RB VBN",6
". RB NNP",6
"JJ . NNP",6
"PRP VBZ TO",6
"PRP VBD NNP",6
". NNP POS",6
"IN VBG JJ",6
"IN NNS .",6
"VBZ IN NNP",6
", PRP VBZ",6
"NN , VBG",6
"NNS VBD NNS",6
"VBN CC VBN",6
", IN JJ",6
"JJ NN :",6
"NN CD NNS",6
"NNP NNP VBG",6
"VB PRP$ NNS",6
"CD . NNP",6
", NN NNS",6
", IN PRP",6
"IN JJ IN",6
". NNP :",6
"VBG NNS .",6
"NNS , NN",6
", NNP :",6
", NNP POS",6
". NNP RB",6
"NNP . CD",6
"DT JJ $",6
". CC IN",6
"TO `` VB",6
"JJ $ CD",6
", NNP IN",6
"`` IN DT",6
". DT VBZ",6
"NNP . PRP$",6
"NNP , PRP",6
"NNP VBD PRP$",6
"NN IN ``",6
"JJ '' ,",6
"NN IN VBN",6
"VBZ RB VB",6
"NN NNP ,",6
"VB NN NN",6
"RB JJ ,",6
"NN CC VB",6
", NNP CC",6
"NNP IN IN",6
"NN , MD",6
"NN PRP VBP",6
"`` JJ NNS",6
"VBZ DT NNP",6
"IN TO CD",6
"NNP VBZ NN",6
"VBD JJ TO",6
"NNP NN MD",6
"VBN PRP$ NN",6
"NNP VBD NN",6
"VB IN NNP",6
"CC IN JJ",6
"CD NNP NNS",6
". NN VBD",6
"NNP MD RB",6
"TO DT NNS",6
". NNS IN",6
"VB CD NNS",6
"VBN TO JJ",6
"NN VBZ JJ",6
"NNP NNP RB",6
"DT VBZ DT",6
", NNS ,",6
"VBD DT CD",6
"JJR IN DT",6
"NNP RB VBD",6
"PRP VBZ JJ",6
"DT NNS CC",6
"IN NNP MD",6
"DT JJ IN",6
"NN CC NNP",6
"JJ IN VBG",6
"PRP VBP VBG",7
"NN PRP VBZ",7
"NN NN NNP",7
"IN NN :",7
"'' IN DT",7
"PRP '' .",7
"IN VBN NNS",7
"NN , NNS",7
"RB VBZ VBN",7
"VBN NN IN",7
"TO NNP IN",7
"JJ NN NNP",7
"CD MD VB",7
"NN VBD TO",7
"VBD NNP IN",7
"PRP$ NN VBZ",7
"NNS CC VB",7
"POS NN TO",7
"NN VBD JJ",7
"VB TO DT",7
"CC VBD CD",7
"CC DT NNS",7
"NNP NNP DT",7
"IN DT NNPS",7
"DT RBS JJ",7
"$ CD TO",7
", RB ,",7
"DT JJS NN",7
"JJ NNS CC",7
"NNS CC VBD",7
"RB VB PRP",7
"IN CD CD",7
"VBZ RB RB",7
"VBG NNP NNP",7
"IN NNP TO",7
"CC PRP VBP",7
"NNS WP VBP",7
"VBZ NNP NNP",7
"VBN DT NNP",7
". `` RB",7
"NN VBZ VBG",7
"NNS , RB",7
"CD NNS :",7
"IN NN VBZ",7
"JJ , JJ",7
"CC VB DT",7
", NNS CC",7
"NN . EX",7
"NN DT JJ",7
"IN DT VBN",7
"NN , WDT",7
", `` CC",7
"VBG PRP$ NN",7
"VBP DT JJ",7
"VBD VBN ,",7
"NN WP VBD",7
"DT NNS ''",7
"DT CD NNP",7
"IN NN ''",7
"NN TO NNP",7
", CC RB",7
"VBZ VBN RB",7
"CD NNS VBD",7
"TO JJ NNS",7
"DT NNP CC",7
", VBG IN",7
"`` JJ NN",7
"RB JJ ''",7
"NNS VBD RB",7
"NNS POS NN",7
"NNS VBP IN",7
"TO VB CD",7
"RB , NNP",7
"NNP NNP JJ",7
"VBP VBN TO",7
"RB VBD VBN",7
", DT NNS",7
"NN CC VBZ",7
"NN NNS NN",7
"RB TO DT",7
"CD CD NN",8
"WDT MD VB",8
"JJ IN NN",8
"EX VBD DT",8
", VBG DT",8
"EX MD VB",8
"VBD NNS IN",8
"VBG NN NN",8
"CD NN NNS",8
", VBZ VBN",8
"VB NN NNS",8
". PRP VBP",8
"WRB DT NN",8
"DT RB JJ",8
"NNP VBZ VBG",8
"CC NNP ,",8
"RB . NNP",8
"NN NNS TO",8
"CD . PRP",8
"TO VB ''",8
"JJ NNP NN",8
"VBZ RB IN",8
"RB VBN TO",8
"NNS DT NN",8
"JJ NNS RB",8
"JJ NNS VBN",8
". RB ,",8
"NNP NN VBZ",8
", NN ,",8
". `` IN",8
"VBG JJ NNS",8
"PRP$ JJ NNS",8
"CC NNS IN",8
", CC VBD",8
"PRP TO VB",8
"VBD IN JJ",8
"VBG NN .",8
", VBD VBN",8
"NNP NNP (",8
"NN POS NNS",8
"PRP$ NN TO",8
"NNP , VBG",8
"VBG TO VB",8
"TO VB ,",8
"VBD NN IN",8
"JJ IN NNP",8
"RB IN CD",8
"VBD VBG IN",8
"RB JJ TO",8
". NN NNS",8
", TO VB",8
"VBD . NNP",8
"NNP NN RB",8
"NN WDT VBZ",8
"VB VBN .",8
"VB PRP$ JJ",8
"VBN NNP IN",8
"`` PRP VBZ",8
"VBP TO VB",8
"PRP$ NN VBD",8
"NNP NNS .",8
"$ CD NN",8
"NN VBD .",8
"NNS TO DT",8
"TO $ CD",8
"POS NN ,",8
"CD TO VB",8
"NN VBD ,",8
"RB CD NNS",8
"DT JJ CC",8
"NN IN $",8
"DT `` NN",8
". IN NN",8
"VBN IN IN",8
"DT NN WP",8
"IN CD TO",8
"NN DT NNP",8
"DT VBN NN",8
"PRP VBP IN",9
". IN NNP",9
"NNP NN CC",9
"NNP IN CD",9
"NN VBZ DT",9
"NNP NN NNP",9
", CC PRP",9
"NNS . NN",9
"CC PRP MD",9
"IN NNP VBZ",9
"PRP VBZ IN",9
"NNP . NN",9
"DT NNS POS",9
"NNP VBD JJ",9
"NNS NN NN",9
"VB IN JJ",9
"NN IN IN",9
"IN CD ,",9
"PRP VBZ DT",9
"DT NNP RB",9
". NN NN",9
"NNS , IN",9
"NN TO NN",9
"NNP DT NN",9
"VBD JJ NNS",9
"DT NN VBP",9
"VBZ NN IN",9
"PRP$ NN ,",9
"VB JJ TO",9
"RB VB VBN",9
"NNS , VBD",9
", `` PRP",9
". PRP$ NN",9
"TO VB CC",9
"CD NNS CC",9
". NN VBZ",9
"DT NN CD",9
"NN , VBZ",9
"IN NN NNP",9
"`` NN ''",9
"IN PRP VBZ",9
"POS NN NN",9
"VBD VBN RB",9
"RB , DT",9
"NN VBG IN",9
"RB MD VB",9
"VBD VBN VBN",9
"DT NN WDT",9
"VBG NN NNS",9
"PRP VBD NN",9
"WP VBD DT",9
"NNP ( NNP",9
"IN DT ``",9
"NN IN WDT",9
"NN WP MD",9
"CC NN .",9
"NN RB RB",9
"NNP NNS VBD",10
"JJ NNS MD",10
"VBD . DT",10
"VBG IN NN",10
": DT NN",10
"VBD PRP$ NN",10
"NN . JJ",10
"NNS RB VBD",10
"CD NN .",10
"NNS , NNP",10
"NNS CC JJ",10
"NNS , NNS",10
"VBD VBN DT",10
"IN NNP CD",10
"IN CD CC",10
"VBZ RB JJ",10
"IN DT IN",10
"NNS IN PRP$",10
"CD TO CD",10
"NN WP VBZ",10
". CC PRP",10
"NNP POS NNS",10
"IN JJ JJ",10
"VBG DT NNP",10
"NN NN RB",10
"VBD IN IN",10
"PRP$ NN .",10
"NNS IN PRP",10
", NNP .",10
"NNS , VBG",10
"DT NNP .",10
"IN CD NN",10
"DT MD VB",10
"MD VB NNP",10
"PRP VBZ RB",10
"DT JJR NN",10
"CC NN NN",10
"`` DT NN",10
"NN TO JJ",10
"MD VB CD",10
"TO CD NNS",10
". PRP RB",10
"NNP NN NNS",10
"DT JJ ,",10
"NN PRP VBD",10
"TO VB RB",10
". DT NNS",10
"CC VBD IN",10
"VBN NNS IN",10
"VB PRP IN",10
"NNP , VBN",10
". NN IN",11
"VB NNP NNP",11
"NN . NNS",11
"DT NN NNP",11
"NN NNS RB",11
"VBD NNP .",11
"VBP IN DT",11
"VBD RB RB",11
"VBD PRP MD",11
"WP VBZ VBN",11
"JJ NN DT",11
"VB VBN DT",11
"'' , VBD",11
"VBD PRP IN",11
"IN NN TO",11
"NNS , PRP",11
"TO JJ NN",11
"IN NN DT",11
"CD NNP NNP",11
"RB IN JJ",11
"IN CD IN",11
"CC PRP VBD",11
"DT NNS MD",11
"IN DT $",11
"PRP VBP RB",11
"VBD IN PRP",11
"NNP JJ NN",11
"VBD DT NNS",11
"PRP IN DT",11
": NNP NNP",11
"NNP IN NN",11
"NN '' IN",11
"VBZ JJ IN",11
"VB JJ NN",11
"NN NN TO",11
"NNS CC NN",11
"VBN JJ NN",11
"WRB PRP VBD",11
"IN NNS CC",11
"NNP CD :",11
"VBP VBN IN",11
"VBD IN CD",11
", RB IN",11
"NNS VBD VBN",11
"NNS CC NNS",12
"VBZ RB DT",12
"DT NNP NNS",12
"DT NNP POS",12
"RB IN NN",12
"VBD RB JJ",12
"IN CD NNP",12
"JJ NN MD",12
"RB TO VB",12
"TO VB NNP",12
"( NNP )",12
"NNS '' ,",12
"DT NNS NN",12
"NNP CC DT",12
"IN NNS ,",12
"NN NN ''",12
"RB VBD IN",12
"NNS , DT",12
"VB JJ NNS",12
"NN MD RB",12
"NNS VBD DT",12
"RB IN PRP",12
"DT NNS TO",12
"MD VB NNS",12
"DT NNP VBZ",12
", PRP MD",12
"NN POS JJ",12
"RB JJ NN",12
"POS NNP NNP",12
". JJ NNS",12
"DT NN DT",12
"DT NNS .",12
"CD . DT",12
"JJ NNS VBP",12
"VBZ VBN VBN",12
"CD CD NNS",12
"VBD CD NNS",12
"MD VB PRP",12
"VBZ DT JJ",12
"DT NN VBN",12
"PRP VBP DT",12
"RB VBD DT",12
"'' , DT",12
"JJR NN IN",12
"IN NNP NN",13
"DT NN VBG",13
"IN CD JJ",13
". `` DT",13
"DT NNS ,",13
"CC DT JJ",13
", CD ,",13
"VBN DT JJ",13
"NNP VBZ DT",13
". JJ NN",13
"VB IN NN",13
"PRP RB VBD",13
"CD , IN",13
"NN CC JJ",13
"NNS . IN",13
"NNP , RB",13
", VBD RB",13
"NNP VBD NNP",13
"$ CD CD",13
"VBN TO DT",13
", NN NN",13
"JJ NN RB",13
"NNP POS NNP",13
"CD JJ NN",13
"PRP$ NNS IN",13
"$ CD DT",13
"NN VBD PRP",13
"CC IN DT",13
"IN IN NN",13
"NN VBG DT",13
"PRP VBZ VBN",13
", MD VB",14
"TO VB VBN",14
"DT NNP ,",14
"IN NNP NNS",14
"VBG NNS IN",14
"CD DT NN",14
"NNP , JJ",14
"DT NN JJ",14
"NNP . ``",14
"NNP NN VBD",14
"NNP NNP TO",14
"IN NNP VBD",14
"POS NN .",14
"RB IN NNP",14
"IN VBG NN",14
"NN . CC",14
"PRP VBD PRP",14
"$ CD IN",14
"NNS . ``",14
", IN NN",14
"CC NN NNS",14
"TO VB .",14
"VBD RB VB",14
"VBD JJ NN",14
"VBD IN NN",14
"VBD RB IN",14
"RB JJ IN",14
"VB PRP$ NN",14
", WP VBZ",14
"VBD VBN TO",14
"JJ NNS TO",15
", VBN IN",15
"VB VBN TO",15
"VBG IN NNP",15
"CC DT NNP",15
"VBN IN VBG",15
"NNP VBD ,",15
"NN VBZ IN",15
"NNP NNS IN",15
", VBD NNP",15
"NN , RB",15
"CC VBD DT",15
", WP VBD",15
"JJ NNS ''",15
"NNS CC DT",15
"MD VB NN",15
", IN NNP",15
"TO NNP NNP",15
", VBD IN",15
"VBD IN NNP",15
"NN RB VBD",15
"VBN IN CD",16
"NNP , CC",16
"JJ NNS VBD",16
"NNP NNP NNS",16
"CC JJ NN",16
"WP MD VB",16
"VBD NNP NNP",16
"JJ NNP NNP",16
"VBN RB IN",16
"NNS . PRP",16
"IN VBG NNS",16
"VBN IN JJ",16
"NNS , CC",16
"JJ NN VBZ",16
"VBD RB VBN",16
"NNP . IN",16
"NNP , CD",16
"NN NNS CC",17
"VBP DT NN",17
"NNS VBD IN",17
"VBZ IN DT",17
". PRP MD",17
"'' . PRP",17
", CC DT",17
"NN NN CC",17
"NN . RB",17
"VBN VBN IN",17
"NNP VBZ RB",17
"VB NN IN",17
"VBD DT NNP",17
"CD NN NN",17
"VB NNS IN",17
", NNP CD",17
"`` PRP MD",17
", CC NNP",17
"IN DT VBG",17
"RB RB IN",17
"IN CD .",17
"NN JJ NN",18
"DT NNS VBD",18
"NNS VBP VBN",18
"NN IN PRP",18
"PRP VBD .",18
"`` PRP VBP",18
"DT JJ NNP",18
"NN VBN IN",18
"NN VBD RB",18
"TO DT JJ",18
"DT IN DT",18
"NN NNS VBD",18
"IN $ CD",18
"TO VB PRP$",18
"PRP$ NN NN",18
"IN PRP VBP",19
"RB VB IN",19
"'' , PRP",19
", NN IN",19
"VBD PRP VBD",19
"NNP VBD RB",19
"IN NNP CC",19
"NNP . PRP",19
"VB DT NNP",19
"VBZ RB VBN",19
"VBZ VBN TO",19
"MD VB JJ",19
"NNP POS JJ",19
"DT CD NNS",20
"VBD . ``",20
"CC NN IN",20
"NN NNS ,",20
"JJ NN ''",20
"CD NN IN",20
"MD VB RB",20
"NNP VBD PRP",20
"'' . DT",20
"IN PRP MD",20
"VBG DT JJ",20
"CD IN NN",20
", JJ NN",20
", VBD DT",20
"VBG NN IN",20
"TO VB NNS",20
"NN , NN",20
"NN NN MD",21
"IN VBG IN",21
"PRP VBD ,",21
"NN , PRP",21
"NN NN VBD",21
"NNP NN NN",21
"TO VB PRP",21
"NNS IN VBG",21
". NNP VBZ",21
"TO VB JJ",22
"NN CC VBD",22
"DT $ CD",22
"JJ CD NNS",22
"RB VBN IN",22
"CD JJ NNS",22
"TO DT NNP",22
"NNS VBN IN",22
"'' , NNP",22
". PRP VBZ",22
"NNP VBD VBN",22
"VBZ VBN DT",22
"NN RB IN",22
"VB DT NNS",22
"NN NN NNS",22
"NNP NNP MD",23
"JJ JJ NNS",23
"IN NN CC",23
"CD NNS ,",23
"POS JJ NN",23
"CC JJ NNS",23
"NN NN VBZ",23
"VBZ TO VB",23
"JJ IN DT",23
"TO VB NN",24
"NNS '' .",24
"VBD , ``",24
"IN PRP$ NNS",24
"NN DT NN",24
"JJ CC JJ",24
"NN CC DT",24
"NNP TO VB",24
"DT VBG NN",24
"PRP VBD RB",24
"NN VBD IN",24
"NNP VBD .",25
"NNP NN .",25
"NNP , VBD",25
"DT JJ CD",25
"MD VB TO",25
"RB VB DT",25
"NNS . NNP",25
"PRP MD RB",25
"VBZ VBN IN",25
", DT JJ",25
", NNP ,",25
"IN NNP POS",25
"IN PRP$ JJ",26
"VBN DT NN",26
"NN VBZ RB",26
"NNP VBZ VBN",26
"PRP VBD DT",26
"NNS IN NNS",26
"NN . IN",26
"NN VBD DT",26
"IN NN ,",26
"POS NN IN",27
"NN . NN",27
"NNP NN ,",27
"PRP VBD VBN",27
"JJ NN CC",27
"JJ NN NNS",27
"MD VB IN",27
"DT CD NN",27
"VBN IN NN",27
"DT NN NNS",28
"NNP , NN",28
"NN . ``",28
"NNP , IN",28
"IN PRP VBD",28
"RB DT NN",28
". IN DT",28
"VB TO VB",28
"DT NN RB",29
"CD IN DT",30
"JJ NN VBD",30
"DT NNP VBD",30
"VBD TO VB",30
"VBN IN NNP",30
"CC DT NN",30
"NNP , WP",31
"VBD DT JJ",31
"IN NNP IN",31
"DT NN ''",31
"NN , CC",31
"NN '' ,",31
"NN , IN",31
"PRP VBD IN",32
", DT NNP",32
"NN NNP NNP",32
"VBZ DT NN",32
"NN , NNP",32
"IN IN DT",33
"NNS IN CD",33
"DT NNP IN",33
"NN POS NN",33
"NNP . NNP",34
"NN NNS .",34
"NNP NN IN",34
"JJ NNS .",34
"JJ NN TO",34
"NN VBZ VBN",35
"JJ NNS ,",35
"NNS IN JJ",36
"IN NNP .",36
"PRP$ NN IN",36
"PRP$ JJ NN",36
"IN NN NN",36
"NN TO DT",36
". `` PRP",36
"NNP MD VB",36
". NNP ,",36
"'' . NNP",37
"JJ TO VB",37
"NNP . DT",38
"CD NNS .",38
"IN VBG DT",38
"NNP NNP POS",38
"IN NNS IN",38
"IN NN .",38
"NN IN NNS",38
"VBG IN DT",39
"NNS MD VB",39
"NN IN PRP$",39
"NN , DT",40
"DT JJ JJ",41
", NNP VBD",41
"IN DT CD",41
"NN '' .",42
"NNS IN NN",43
". DT JJ",43
"NN , VBD",44
"VB VBN IN",44
"NNP NNP VBZ",44
"RB IN DT",44
"DT NN MD",44
", IN DT",44
"NN VBD VBN",44
"NNP VBD IN",44
"NNP VBD DT",45
"NNS IN NNP",46
"DT NN POS",46
"IN PRP$ NN",46
"NNP POS NN",46
"DT JJ NNS",47
"DT NN VBZ",47
"NN IN VBG",47
". NNP VBD",47
"VBD VBN IN",48
"IN NN NNS",48
"NNS TO VB",49
"NNP , DT",49
"VBG DT NN",49
"NN . PRP",49
"TO DT NN",49
"VBN TO VB",50
"NN NN ,",50
"VB IN DT",50
". DT NNP",51
"DT NN CC",51
"DT NNS IN",51
"NNS . DT",51
"NN NN NN",53
"TO VB IN",54
"NN CC NN",54
"NN NNS IN",54
"NNP NNP CC",54
", PRP VBD",55
"MD RB VB",55
"VB DT JJ",55
", DT NN",58
"NNP CC NNP",58
"JJ JJ NN",58
"NN IN CD",59
". PRP VBD",62
"NN IN JJ",62
"NNP NNP NN",63
"DT NN TO",63
"CC NNP NNP",63
"CD NNS IN",64
", NNP NNP",64
"MD VB VBN",66
"NNP IN DT",68
"IN NNP ,",68
"IN JJ NN",69
"IN CD NNS",69
"NN NN .",71
"VBD IN DT",72
"DT NN ,",75
"DT NN VBD",75
"IN JJ NNS",76
"JJ NN ,",76
"MD VB DT",78
"JJ NN .",79
"NNP NNP VBD",79
"JJ NN NN",79
"NN MD VB",80
"PRP MD VB",81
"NNP NNP .",83
"NN TO VB",86
"NN . NNP",90
"NN . DT",92
"IN DT NNS",92
"IN NN IN",93
"DT NNP NN",93
"JJ NNS IN",94
". NNP NNP",95
"VBN IN DT",98
"NN NN IN",99
"VBD DT NN",103
"NNP , NNP",105
"NNP IN NNP",105
"NNP NNP IN",107
"DT NN .",112
". DT NN",113
"VB DT NN",121
"TO VB DT",132
"NN IN NN",139
"DT NN NN",153
"NN IN NNP",168
"NNS IN DT",173
"IN NNP NNP",194
"NNP NNP ,",202
"DT NNP NNP",214
"JJ NN IN",245
"IN DT JJ",254
"IN DT NNP",255
"DT JJ NN",362
"NNP NNP NNP",406
"DT NN IN",434
"NN IN DT",503
"IN DT NN",586
