total tokens, 2549
%types in test not in train, 1.0
%token frequency in test not in train, 14.6428571428571

tr_word_tri_grams_intercept, frequency
"feat . Philadelphia",1
"errors . The",1
"the Bears management",1
"line double ,",1
"Liston '' .",1
", his second",1
", were remarkable",1
"he told a",1
". Arkansas combined",1
"a baseball mystery",1
"Milwaukee 's park",1
"books , however",1
"Klein of the",1
"at third base",1
"record crowd for",1
"the Tribe 's",1
"nation to Reno",1
"of the television",1
"who had been",1
", which are",1
"whip TCU ,",1
", Jan. 23",1
"double-crosser and said",1
"1950 . Completing",1
"the ball over",1
"out of action",1
"walked only Charley",1
"clicked off in",1
"the organ .",1
"privileged to see",1
"off Phil Shartzer",1
"Series victory in",1
"a decade in",1
"by Rudolph for",1
". A &",1
"Jay Cooke walked",1
"Reno , Nev.",1
"doubled down the",1
"third and two",1
"know who have",1
"Wally Post slashed",1
"only ones of",1
"Smith 's 340-blast",1
"retaliating with a",1
"batted in of",1
"Post slashed a",1
"32,589 had only",1
"the most ever",1
"be blacked out",1
"the game was",1
"Jackie had gone",1
"dancer , Patti",1
"30-30 . Willie",1
"the Longhorns a",1
"The infield was",1
"inning when Reno",1
"or National fan",1
"Bill Liston ,",1
"a 3-game total",1
"and Yogi Berra",1
"to be blacked",1
"in 1:48 ,",1
"their eight hits",1
"and Texas A",1
"total loop play",1
", a ball",1
"Yogi Berra both",1
". He took",1
"fly hits --",1
"fly . Jim",1
"Texas ' 189",1
"the loss ,",1
", who played",1
"World Series victory",1
"anything about the",1
"the expanded outfield",1
"Mary Dobbs Tuttle",1
"happy Spahn waved",1
". `` Spahnie",1
"little trouble in",1
"contract at a",1
"of the White",1
"the mound against",1
"dark . Mary",1
"Jack feels he",1
"news conference at",1
", the ``",1
", especially at",1
"'s big day",1
"a 3-hitter when",1
"some good stops",1
"stops and showed",1
"retain two members",1
"Bears Stadium last",1
"depending on whether",1
"Jackie was heading",1
"and 447 passing",1
"embossed the fact",1
"would retain two",1
"his first year",1
"the first to",1
"past the 2-score-year",1
"the campaign --",1
"`` Spahnie does",1
"left fence for",1
"hammered a long",1
"said to Ritchie",1
"anymore . I",1
"Roy Sievers and",1
"25 bases .",1
"'s hurting Boston",1
"it was over",1
"in a meaningless",1
"in per-game rushing",1
"thanks to only",1
"left . Jay",1
"27 innings ,",1
"Cleveland , made",1
"American Association pack",1
"in Ogden ,",1
"This was the",1
"and a World",1
"I am told",1
"slump . The",1
"various unofficial checks",1
"Mrs. Don Rudolph",1
"aboard . Al",1
", and a",1
"train out of",1
", awaited .",1
"by Bob Howsam",1
"know when my",1
"television viewers in",1
"yards ( 1,065",1
"Williams and Charlie",1
"at the end",1
"however , would",1
"loss . The",1
". Chuck Hinton",1
"the year .",1
"new arrangement made",1
"I was 40",1
"of course ,",1
"Charley Hinton in",1
"that baseball rightfully",1
"second game against",1
"moved past the",1
"said he would",1
"The modest and",1
"base on balls",1
"the elderly Spahn",1
"and Cooke singled",1
"game and an",1
"second homer in",1
"in the top",1
"of the ninth",1
". The last",1
"Cliff Cook and",1
"dropped a double",1
"start controlling the",1
", an unusual",1
"last season .",1
"two men on",1
"Rudolph when off",1
"Wyman Carey ,",1
"beat out a",1
". Skorich received",1
"only 6-3 ,",1
"had been anemic",1
"the trade .",1
"an on-the-scene audience",1
"more in the",1
"Sox had taken",1
"Delahanty and Chuck",1
"corner , Cliff",1
"rulers . The",1
"Alusik 's double",1
"at the organ",1
"Eagles , was",1
"You would be",1
"the Phillies ,",1
") and a",1
", another all-out",1
", before a",1
". Gaines hammered",1
"The conductor said",1
"Edwards fouled out",1
"trailing only 6-3",1
"Ed Delahanty and",1
"I know when",1
"took a midnight",1
"Monday . Lemon",1
"Shartzer 's glove",1
"they were helpless",1
"two runs in",1
"use , the",1
"Tex. , May",1
"Skorich , the",1
"23 -- Nick",1
"with him .",1
"husky 6-3 ,",1
"out of Cleveland",1
"15 passes for",1
"no victories ,",1
"then moved Cooke",1
"189 ) .",1
"command all the",1
"tongues to wagging",1
". Jensen got",1
", Allison 's",1
"roller accounted for",1
"high chopper to",1
"much too dark",1
". Jim Landis",1
"when John Edwards",1
"loss , his",1
"'s mad at",1
"and further embossed",1
"or pro-Yankee .",1
"over the clubhouse",1
"feats and further",1
"the most hearts",1
"the weekend what",1
"at a news",1
"most ever used",1
"am told ,",1
"first to hit",1
"home runs in",1
"Tyler , Tex.",1
"passes , 34.7",1
"I 'm not",1
"strong arm at",1
"added their last",1
"good infield play",1
"-- tied the",1
": Cliff Cook",1
"days . But",1
"a year .",1
"given only the",1
"Monday night .",1
"Suddenly my reflexes",1
"of those good",1
"stopped in Ogden",1
"they did in",1
"player , as",1
"and $ 25,000",1
"one of the",1
"run over left",1
"Lenny Green 's",1
"'s . The",1
"Dobbs Tuttle was",1
"explosion in the",1
"four at home",1
"Red Sox Outfielder",1
"year as a",1
"playing at home",1
", depending on",1
"45-degree weather the",1
"with a record-tying",1
"the score in",1
"modest and happy",1
"of eight Cincinnati",1
"he said Liston",1
"record ( 187.5",1
"a midnight train",1
"throw . Suddenly",1
"the station .",1
"three bases on",1
"came back in",1
"seems baseball might",1
"Shaw , who",1
"series in a",1
", remarked Enos",1
"State gave the",1
". Of the",1
"Buck Shaw ,",1
"15-hit attack against",1
"Sox and Rocky",1
"and will miss",1
"with 40-year-old Warren",1
"will miss his",1
"start millions of",1
"three-year contract at",1
"how many fans",1
"Bob Howsam that",1
"day revived the",1
"Railroad streamliner ,",1
"of 1,512 yards",1
"in progress at",1
", Vernon Gomez",1
"of the first",1
"received a three-year",1
"the American League",1
"the trick in",1
"Spahn 's hitless",1
"the head .",1
"he 's hurting",1
"more Sunday afternoons",1
"the statistics last",1
"Francisco , stopped",1
"two more in",1
"outfield flies by",1
"11 points beyond",1
"Oct. 14 ,",1
"home McAuliffe .",1
"rule providing for",1
"taken a 5-4",1
". Ogden ,",1
"their last run",1
"said , when",1
"Yanks also took",1
"Ann Olsen ,",1
"-- his fourth",1
"midnight train out",1
"through playing baseball",1
". The crowd",1
"in the big",1
"has stayed away",1
"new record crowd",1
"exotic dancer ,",1
"statistics last week",1
"3-game total offense",1
"after a while",1
"a gentlemanly fine",1
"Liston ) got",1
"refocusing of the",1
"of 361 yards",1
"its biggest total",1
"was elevated today",1
"rule but NBC",1
"'s top rulers",1
"never lagged .",1
"to him at",1
"run deep into",1
"minor league game",1
"Tribe 's eight",1
"all-time great lefthanders",1
"triumph made Ralph",1
"Momentarily the Reds",1
"an American or",1
"game . Not",1
"'s 126 )",1
"Dick McAuliffe cracked",1
"Kenny Lane of",1
". Just when",1
"comes from the",1
". You 'll",1
", without an",1
"infield single by",1
"six and walked",1
"in the game",1
"ace . In",1
"and popped one",1
"( 187.5 yards",1
", drove in",1
", Jay Cooke",1
". A double",1
"is a defensive",1
"a matter of",1
"out in the",1
". Texas '",1
"Jim Landis '",1
". The Yanks",1
"a major or",1
"matter of opinion",1
"have to think",1
"Jensen said Monday",1
"the rightfield line",1
"pro-Yankee . The",1
"drove in Jim",1
"NBC will play",1
"Lou Gehrig of",1
"his fourth single",1
"Lemon was on",1
"the Giants and",1
"out with men",1
"18,792 . ``",1
"another Denver rookie",1
"put that play",1
"Olsen , awaited",1
"Landis ' 380-foot",1
"He said he",1
"ninth . Despite",1
"putout . The",1
"against Texas Tech",1
"Cooke walked and",1
"as saying :",1
"turned the trick",1
"the book ''",1
"was a double-crosser",1
"loop play since",1
"fine fellow ,",1
"streak to four",1
"Ed Donnelly is",1
"174 yards ,",1
"the drive fizzled",1
"were cut off",1
"the Sox back",1
"with the walking",1
"homer of the",1
"Southwest Conference football",1
"'s hitless pitching",1
"the game and",1
"The Yankee triumph",1
". This dissatisfaction",1
"she learned Jackie",1
"ball right away",1
"it two straight",1
"Adcock , Lou",1
"it '' ,",1
"was a real",1
"361 yards .",1
"the 45-degree weather",1
"Lopez , subbing",1
"Reds in a",1
"not be terminated",1
"into the station",1
"world 's seventh",1
"Mantle and Yogi",1
"deep into the",1
"couple of years",1
"355 yards ,",1
"balls and some",1
"on balls to",1
"what Liston had",1
"to merely go",1
"last couple of",1
"a distressing slump",1
"anemic with the",1
". He has",1
"big dent in",1
"Art Nehf ,",1
"works with the",1
"third man to",1
"writer for the",1
"Twins back in",1
"Completing 12 of",1
"football champion Philadelphia",1
"did it before",1
"were remarkable feats",1
". The White",1
"further embossed the",1
"Philadelphia Eagles ,",1
"both out of",1
"harm than good",1
"on 5 completions",1
"Cliff Cook accounted",1
"He succeeds Buck",1
"In the fifth",1
"'s replacement ,",1
"runs and stole",1
"to a lot",1
"was Nischwitz '",1
"per-game rushing averages",1
"years the Bears",1
"and Chuck Klein",1
"that day and",1
"but a gentlemanly",1
"got only six",1
"I do n't",1
"score was 11-5",1
"Ebbetts Field .",1
"only the one",1
"period of 18,792",1
"lefthander , was",1
"it seems baseball",1
"Bingles and bobbles",1
"in the Denver",1
"off Bud Daley",1
"the third Frank",1
"terminated before the",1
"Mickey Mantle .",1
"Ray Moore won",1
"sixth . Chuck",1
"Reno Bertoia beat",1
"is Bill Liston",1
"innings . Incidentally",1
"masterpiece against the",1
"before an on-the-scene",1
"the score and",1
"were back in",1
"league level .",1
"was working on",1
"40 , and",1
"Muskegon , Mich.",1
"ca n't hit",1
"was much too",1
"believed to be",1
", crushing the",1
"won his second",1
"Hubbell , Herb",1
"eight Cincinnati pitchers",1
"of the Phillies",1
"before a new",1
"White Sox and",1
"Indianapolis run in",1
"the stage .",1
"Sunday 's opener",1
"football leaders --",1
"Cincinnati errors .",1
"And so it",1
"knocked down by",1
"been anemic with",1
"four of his",1
"six other sluggers",1
"Jensen as saying",1
"Spahn waved off",1
"for 174 yards",1
"was the noted",1
"at the world",1
"2-run homer off",1
"This is an",1
"of the Yankees",1
"the Bears made",1
"I was and",1
", while Ray",1
"are two more",1
"Of the two",1
"ran up its",1
"the best defensive",1
"of the new",1
"pack . Nischwitz",1
"victories , while",1
"was on with",1
"drive fizzled when",1
"injury and will",1
"and said anything",1
"Blanchard , Mantle",1
"audience was privileged",1
"and Gardner 's",1
"the masses up",1
"in command all",1
"and happy Spahn",1
"Hinton tripled to",1
". Only Bucky",1
"do anything about",1
"Yes , with",1
"a real stimulant",1
"the nationwide policy",1
"are playing at",1
"first major league",1
"City of San",1
"was the season",1
"him what Liston",1
"the games are",1
"baseball mystery how",1
"his nine previous",1
"to talk to",1
", but I",1
"conference at which",1
"'' of Washington",1
"action due to",1
"-- The powerful",1
"Gehrig of the",1
"said and he",1
"announced at a",1
"and it really",1
"progress at Massachusetts",1
"Jan. 23 --",1
"attack against a",1
"to Howsam 's",1
"league game in",1
"through a keyhole",1
". Both ,",1
"but Harmon Killebrew",1
"1-0 lead ,",1
"infield was well",1
"for two runs",1
"o'clock Tuesday night",1
"hits for two",1
"Ritchie of the",1
"victory in his",1
"innings , an",1
"and Charlie Gauer",1
"homer off Bill",1
"for a batting",1
"Colavito , then",1
"of Cleveland Saturday",1
"187.5 yards per",1
"of pop fly",1
", former Olympic",1
"campaign -- tied",1
"' Joe Adcock",1
"has given only",1
"averages , 355",1
"can be no",1
"a tough defense",1
"McDaniel singled home",1
". The modest",1
"added two more",1
"fourth single of",1
"Howsam 's request",1
"top rulers .",1
"a keyhole .",1
". Alusik then",1
", the Aggies",1
"with some good",1
"seasons Mays hit",1
"of Mays and",1
"Liston , baseball",1
"a top-grade big",1
"'' . This",1
"Lemon with the",1
"purposely stayed away",1
"Chuck Klein of",1
"against veteran John",1
"by Porter and",1
"in use ,",1
"before a home",1
"his only ones",1
"but the drive",1
"center , about",1
"third Frank Robinson",1
"got the business",1
"favor the Giants",1
"way before an",1
"13-5 barrage Monday",1
"Sox Monday .",1
"run-scoring 2-baser ,",1
"up with some",1
"in his first",1
"loosely played finale",1
"Brooklyn 's Ebbetts",1
"Grizzlies ' winning",1
". Dallas ,",1
"'ll put that",1
"cold . But",1
"when games were",1
"windy Candlestick Park",1
"to talk with",1
"his starting turn",1
". Yes ,",1
"Arkansas and Texas",1
"'' , he",1
"the first with",1
"fans . It",1
"walk and a",1
"' infield roller",1
"'s line double",1
"first year as",1
"that the video",1
". Ed Delahanty",1
"magazine stand .",1
"performance in a",1
"walkout . Jensen",1
"order . The",1
"which are in",1
"beardown performance in",1
"season . The",1
"dissatisfaction led to",1
"major or minor",1
"is 11 points",1
"who walloped four",1
"player 's ball",1
") . A",1
"Sports Writer Ensign",1
". He succeeds",1
"a three-year contract",1
"game . Cincinnati",1
"rightfield that day",1
"Patti Waggin who",1
"for the tallies",1
"fouled out with",1
"off . Actually",1
"from the ``",1
"'s lifetime batting",1
"game and his",1
"4-homer spree Sunday",1
"I think I",1
"history . Yes",1
"single loss .",1
"especially at the",1
"and some good",1
"Camilo Carreon --",1
"and never lagged",1
"n't run .",1
", the most",1
"previous seasons Mays",1
"A double by",1
"pop fly hits",1
"grip on the",1
"There are two",1
"Examiner went to",1
"with 64 yards",1
", et al",1
"Yankee triumph made",1
"on second and",1
"at home .",1
". Bobby Lowe",1
"and Dan Pavletich",1
"major league home",1
"against a parade",1
"149 ( to",1
"In four of",1
"a triple by",1
"checks on the",1
"`` Wish I",1
"inning . He",1
"was 40 ,",1
"the start of",1
"outfield was much",1
"as they did",1
"chances to applaud",1
"his Bears are",1
"Herb Pennock ,",1
"the way before",1
"Tsitouris at 8",1
"& M has",1
"the top of",1
"side injury and",1
"noted exotic dancer",1
"heroics to start",1
"heading home :",1
"But there surely",1
"Washington in 1924",1
"a World Series",1
"decade in the",1
"McAuliffe dropped a",1
"countless of television",1
"to Texas '",1
"in right center",1
"the 2-score-year milestone",1
"the fifth when",1
"those good days",1
"the ball club",1
"`` I 'm",1
", Carl Hubbell",1
"of Technology .",1
"& M --",1
"winning streak to",1
"380-foot home run",1
"the fifth ,",1
"5-run explosion in",1
"suddenly start hitting",1
", Arkansas and",1
"Killebrew came back",1
"reached the most",1
"all-out guy ,",1
"to open the",1
"baseball more harm",1
"of his two",1
"the national pastime",1
"Jay Porter drew",1
"most hearts .",1
"the score was",1
"the fifth .",1
"to be any",1
"be between $",1
"on the road",1
"yards , the",1
"'ve had it",1
"& M ,",1
", and never",1
"a ball bat",1
"distressing slump .",1
"road . Willie",1
"ran the Grizzlies",1
"told a newsman",1
"Indianapolis , 5-3",1
"his second homer",1
"had gone into",1
"season and ran",1
"by Lemon and",1
". He said",1
"the third man",1
"Lefty Wyman Carey",1
"flooded but the",1
"when McAuliffe dropped",1
"miss his starting",1
"Texas leads in",1
"only three bases",1
"Carey , another",1
"Philadelphia , Jan.",1
"that time the",1
"clubhouse . The",1
"on top of",1
"solid single to",1
"is Mrs. Don",1
"champion Philadelphia Eagles",1
"in of the",1
"Cook and Dan",1
"straight victory of",1
"his two doubles",1
". Spahn not",1
"was back at",1
"compartment to talk",1
"7 tosses )",1
"of their eight",1
", baseball writer",1
"a pennant and",1
"The powerful New",1
"two did it",1
"only Charley Hinton",1
"first inning ,",1
"and two out",1
". There are",1
") a new",1
"Porter drew a",1
"team to both",1
"first inning .",1
"at the minor",1
"his wife ,",1
"turn . Dallas",1
"Liston had said",1
"had accomplished the",1
"formula in Milwaukee",1
"reaches a decade",1
"n't matter .",1
"play to a",1
"third base and",1
"was clicked off",1
"'s first night",1
"the St. Louis",1
"14 , 1951",1
"batting average in",1
"'' , remarked",1
"Tech ran up",1
"in a 5-run",1
"in Brooklyn 's",1
"so it was",1
"passing 149 (",1
"obvious refocusing of",1
"Living Room Athletic",1
"come May 25",1
"only is a",1
"Ogden Standard Examiner",1
"baseball . ``",1
"men on .",1
"the line coach",1
"Ohio ( AP",1
"about the relative",1
"the running argument",1
"said Monday night",1
"a high chopper",1
"a base on",1
". Gauer works",1
"in 1924 ,",1
"over outclassed Cincinnati",1
"last year because",1
"high . Arkansas",1
"millions of tongues",1
"by Camilo Carreon",1
"Berra , smashed",1
"leagues come May",1
"now lead Louisville",1
"Donnelly is still",1
"had little trouble",1
"into the corner",1
"Robinson hammered a",1
"romp over outclassed",1
"end of the",1
"from Bears Stadium",1
"25th man on",1
"speculating , but",1
"not going to",1
"the ends .",1
"in any area",1
"you want to",1
"the Reds were",1
"night . Ed",1
"Rudolph to open",1
"Nischwitz ' third",1
"the bleachers in",1
"base . Bingles",1
". Completing 12",1
"hit as many",1
"ca n't throw",1
", Art Nehf",1
"Daley , but",1
". It will",1
"with the bat",1
", however ,",1
"have moved past",1
"know how to",1
"of the Ogden",1
"and countless of",1
"to start millions",1
"to center put",1
"talk with him",1
"to Baylor 's",1
"really did n't",1
"of only 949",1
"tests , which",1
"park . It",1
"Chico Ruiz made",1
", with a",1
"of the St.",1
"also took advantage",1
"and a sacrifice",1
"Cleveland Saturday ,",1
"only the third",1
"an issue which",1
"Phillies , the",1
"an infield single",1
"offense of 1,512",1
"Twins tied the",1
"Conference football leaders",1
"the first 12",1
"' 545-yard spree",1
". The record",1
"own tests ,",1
") -- Billy",1
"Cooke across with",1
"for Berra ,",1
"one team in",1
"the `` Living",1
"home runs ,",1
"Bears took the",1
"had only two",1
"This rule providing",1
"will be on",1
"streamliner , City",1
"open the Bear",1
"passing ( on",1
"on Gardner 's",1
"Vernon Gomez ,",1
"Union Pacific Railroad",1
"the hole in",1
"2-run homer as",1
"The record books",1
"who is Mrs.",1
"rushing and 447",1
"of three Cincinnati",1
"defense to whip",1
"crowd for the",1
"was quite cold",1
"after a distressing",1
"walloped four home",1
"two out in",1
"of the sixth",1
"first inning gave",1
"batting average of",1
"the Braves '",1
". Ed Donnelly",1
"He took a",1
"lead a team",1
"are gone .",1
"going to be",1
"It was Gardner",1
", Herb Pennock",1
"'s grounder in",1
"the Sox a",1
", Patti Waggin",1
"first 12 games",1
"sixth on a",1
"on a pair",1
"Sox back in",1
"tough defense to",1
"a news conference",1
"as 25 home",1
"runs in a",1
"' Willie Mays",1
"home : ``",1
"today to head",1
"say in the",1
". Rookie Ron",1
"Nehf , Vernon",1
"gentlemanly fine fellow",1
"the video not",1
"an obvious refocusing",1
"his beardown performance",1
"no doubt about",1
"salary believed to",1
"a manager .",1
". They now",1
". Turk Lown",1
"members of Shaw",1
"of the fifth",1
". Sports Writer",1
", trailing only",1
"took advantage of",1
", Mantle 's",1
"said anything he",1
"Monday night he",1
"`` I 've",1
"course , were",1
"Stadium Oct. 14",1
"rightfield corner ,",1
"in the bottom",1
"a superior pitcher",1
"new SWC high",1
"infield roller accounted",1
"949 and countless",1
"$ 20,000 and",1
"is an issue",1
"per game .",1
"his second game",1
", and passing",1
"in order .",1
". He 's",1
", but by",1
"finale . With",1
"level . You",1
"a span of",1
"double and outfield",1
"decision over Rip",1
"score and Carreon",1
"eight hits .",1
"to his compartment",1
"line and Cooke",1
"the ninth .",1
"newsmen on his",1
"Williams is a",1
"the diving Minnie",1
"remarked Enos Slaughter",1
"with men on",1
"Mantle 's replacement",1
"the Reds in",1
"a conclusion here",1
"the spectators was",1
"Diving Champion Zoe",1
"viewers in the",1
"former Olympic Diving",1
"chances '' .",1
"afternoons when the",1
". Nischwitz fanned",1
"left . The",1
"Jensen got only",1
"man to lead",1
"humiliating 13-5 barrage",1
"Al Smith 's",1
"Paschal doubled down",1
"double , which",1
"off his new",1
"to be between",1
"11-5 and it",1
"M has the",1
"for a southpaw",1
"singled off Phil",1
"anybody , and",1
"TV audience was",1
"around on Gardner",1
"and an obvious",1
"bases . Once",1
"and ran the",1
"Howsam that the",1
"'s hit before",1
"on balls and",1
"Sunday . Both",1
"Frank Robinson hammered",1
"champs still mounted",1
"start of a",1
"the Denver area",1
"40-year-old Warren Spahn",1
"the Indians bunched",1
"nationwide policy .",1
"Field . Ed",1
"gruonded out ,",1
"a liner to",1
"grounder in the",1
"Longhorns a 3-game",1
", who retired",1
", Lou Gehrig",1
"5-4 lead in",1
"I remember his",1
"'s run-scoring 2-baser",1
". Cincinnati ,",1
"who quoted Jensen",1
"defensive coach .",1
". The spectacular",1
"satisfied with various",1
"25,000 a year",1
"of nine innings",1
", with Bob",1
"that play in",1
"Stram , quipping",1
"arm at third",1
"be a baseball",1
"double to left",1
"manager . Only",1
"providing for a",1
"score in the",1
"Denver-area TV audience",1
"beyond Mickey 's",1
", Pat Seerey",1
"who reaches a",1
"6-5 victory over",1
", where his",1
"Traveler , who",1
"more harm than",1
"game in any",1
"games are not",1
"learned Jackie was",1
"but I have",1
"St. Paul-Minneapolis ,",1
"station . Ritchie",1
"of Muskegon ,",1
"forever be a",1
"relative merits of",1
"'s 340-blast over",1
"coach . Skorich",1
"outclassed Cincinnati ,",1
"the minor league",1
". He came",1
"trade . I",1
"gone into the",1
"had a total",1
"probably get a",1
"in a 5-game",1
"day and popped",1
"of the lights",1
"probably reached the",1
"Cook accounted for",1
"and Wert .",1
"still bothered by",1
"It is an",1
". The early",1
"to anybody ,",1
"Olympic Diving Champion",1
"to Liston ''",1
"in the third",1
"the ball game",1
"one over the",1
"on the liveliness",1
"Spahn pitching his",1
"' 189 )",1
"was knocked down",1
"et al .",1
", he told",1
"homer off Bud",1
"about 400 feet",1
"from Jensen on",1
"with the loss",1
"'s second run",1
"`` I think",1
"the CBS network",1
"'' when games",1
", the Braves",1
"Texas , Arkansas",1
"glove . Nischwitz",1
"Boston Red Sox",1
"playing baseball .",1
"Ralph Houk only",1
"With Mickey Mantle",1
", made their",1
"pinpoint pitching Monday",1
"of television viewers",1
"You 'll probably",1
"up its biggest",1
"defensive record (",1
"Bud Daley ,",1
"blackout of televised",1
"He 's mad",1
"remember his beardown",1
"third base .",1
"good , especially",1
"I 've had",1
"on-the-scene audience of",1
"Gauer . Williams",1
"in a humiliating",1
"be no doubt",1
"do n't think",1
"there surely can",1
"new season and",1
"milestone . And",1
"5-3 . The",1
"few minutes .",1
", `` Wish",1
"bottom of the",1
"thanks to a",1
"head . He",1
"three Cincinnati errors",1
"the Yankees routed",1
". With Mickey",1
"is an irritable",1
"Willie 's lifetime",1
"for the football",1
"the Chicago White",1
"his new laurels",1
"for the third",1
"during another 5-run",1
"in the statistics",1
"'' , said",1
"a few minutes",1
"his pinpoint pitching",1
"stand . ``",1
"have ordered their",1
", 5-3 .",1
". Suddenly my",1
"fifth , Wally",1
"world series in",1
"the situation will",1
"to do anything",1
"are not to",1
"to applaud .",1
"The spectacular Mays",1
"McAuliffe cracked the",1
"the Twins back",1
"bulge against Texas",1
"of action due",1
"fact that baseball",1
"pops heroics to",1
"Johnny Blanchard ,",1
". Dick McAuliffe",1
"Denver area .",1
"wife , former",1
", an infield",1
"straight . They",1
"year . He",1
"but by that",1
"quipping , ``",1
"one pass in",1
"and outfield flies",1
"ball club ''",1
"5777 fans .",1
"It was a",1
"the `` boy-manager",1
"was 11-5 and",1
"minutes before the",1
"against Washington State",1
", of course",1
"and Jim McDaniel",1
"train trip across",1
"It was the",1
"single of the",1
"bases on balls",1
"retired at the",1
"the figure was",1
"spectacular play on",1
"fifth . Ogden",1
"with a 38-point",1
"opinion , depending",1
"tagged with the",1
"Saturday , without",1
"and the Giants",1
"Lown was tagged",1
". This year",1
"the formula in",1
"he had never",1
", 205-pound lefthander",1
"Monday in the",1
"found the formula",1
"for three of",1
"pitchers , the",1
"a 5-game romp",1
"`` I told",1
"with the all-time",1
"the all-time great",1
"6-3 , 205-pound",1
"the American Association",1
"Lefty Don Rudolph",1
"last run in",1
"to center .",1
"Mays , who",1
"with his fourth",1
"doubles against Lefty",1
"over the weekend",1
"The Yanks also",1
"on a 3-hitter",1
"baseball rightfully is",1
". Hector Lopez",1
"Joey Jay in",1
"team will suddenly",1
", quipping ,",1
"lightweight , had",1
"a 5-4 lead",1
"night as the",1
"Nick Skorich ,",1
"the tallies .",1
"for the putout",1
"completions in 7",1
"This dissatisfaction led",1
"64 yards passing",1
"ones of the",1
"made it two",1
"controlling the ball",1
"because of the",1
". The Denver-area",1
"25 home runs",1
"the best defense",1
"quoted Jensen as",1
"head coach .",1
"in 1946 had",1
"the fourth .",1
"to four straight",1
"I 'll put",1
"Monday night as",1
"night . St.",1
"and Wert came",1
"no-hit masterpiece against",1
"Bears made it",1
"on his train",1
"passing ) a",1
"ever used by",1
"business from the",1
". Incidentally ,",1
"gone and I",1
"of last season",1
"and third and",1
"men on second",1
"of the campaign",1
", another Denver",1
"made Ralph Houk",1
"injuries , the",1
"Mays and Mickey",1
"which just eluded",1
"seventh ranked lightweight",1
"Willie Mays retaliating",1
"hit anymore .",1
". The conductor",1
"permitted us to",1
"anti or pro-Yankee",1
"'s attack .",1
"to fill the",1
". But he",1
"34.7 yards per",1
"3-run homer off",1
"team in a",1
"the one pass",1
"keyhole . He",1
", was elevated",1
"two out .",1
"bothered by a",1
"'s solid single",1
"the business from",1
"and Gaines '",1
"scored on Lenny",1
"of the American",1
"gave the Longhorns",1
"think you want",1
"'m not going",1
"fifth when McAuliffe",1
"In the third",1
"another 5-run explosion",1
"Jim McDaniel singled",1
"sacrifice fly .",1
"single to center",1
"He has given",1
"but Don Wert",1
"per game to",1
"the walking Bob",1
"smashed a 3-run",1
". This rule",1
"talked to Liston",1
"John Tsitouris at",1
"the period of",1
"'s seventh ranked",1
"But he warmed",1
"Gardner 's solid",1
"leaders -- Texas",1
"of 18,792 .",1
"Zoe Ann Olsen",1
"two more Sunday",1
"lot of guys",1
"drew a base",1
"his 27 innings",1
"a line drive",1
"Lane of Muskegon",1
"Boston Traveler ,",1
"and his only",1
"world '' .",1
"Bears are playing",1
"game . Johnny",1
"average of is",1
"which boils down",1
". Liston is",1
"Green , Allison",1
"club '' .",1
"time the score",1
". Once the",1
"only six hits",1
"30 minutes before",1
"Incidentally , only",1
"3-hitter when the",1
"put the Sox",1
"up after a",1
"'' . Liston",1
"official word to",1
"slammed a 2-run",1
"were helpless to",1
"when his Bears",1
"Hinton in the",1
"Bears management got",1
"Wert 's smash",1
"I know who",1
"Tuttle was back",1
"at which Skorich",1
"in a series",1
"management got the",1
"center . He",1
", and A",1
"Giants and the",1
"full game on",1
"parade of eight",1
"in the loosely",1
"`` Living Room",1
"'s eight hits",1
"rookie , will",1
"'s history .",1
"ball game ,",1
"crowd of 32,589",1
"for a few",1
"the Aggies had",1
". Jay Porter",1
"at 8 o'clock",1
"Dyer of the",1
", but the",1
"was 30-30 .",1
"on Lenny Green",1
"stimulant to a",1
"with two out",1
"just speculating ,",1
". Momentarily the",1
"That permitted us",1
"Allison aboard .",1
"mad at the",1
"told him who",1
", with two",1
"' four home",1
"National fan and",1
"-- Billy Gardner",1
", and Eddie",1
"of 32,589 had",1
"May 25 ,",1
"After Al Paschal",1
"Cardinals in 1946",1
"205-pound lefthander ,",1
"saying : ``",1
"but idle Baylor",1
"Wish I was",1
"left field ,",1
". Williams is",1
"fourth . The",1
"popped one over",1
"Waggin who is",1
"opener , and",1
"ninth to give",1
"it before a",1
"games . He",1
"when it seems",1
"issue which boils",1
"Carl Hubbell ,",1
"said Liston was",1
"he was quite",1
"meaningless exhibition game",1
", smashed a",1
"New York Yankees",1
"organ . Among",1
"'s chances ''",1
"of San Francisco",1
"to see Mays",1
"Cincinnati pitchers ,",1
"n't hit anymore",1
"the winning run",1
"spree against Washington",1
"lefthanders in the",1
"eight hits for",1
"run batted in",1
"Cooke singled off",1
"flies by Porter",1
"belonging with the",1
"did in Sunday",1
"The Bears took",1
"a while .",1
"had it ''",1
"told , the",1
"Mays hit as",1
"fourth -- his",1
", who quoted",1
"of televised baseball",1
"a lot of",1
"on the masses",1
"at Bears Stadium",1
"and walked only",1
"idle Baylor has",1
". Not satisfied",1
"the loosely played",1
"here . There",1
"taking a unanimous",1
"might be losing",1
"trouble in taking",1
"in Sunday 's",1
"the season 's",1
"1,512 yards (",1
"He came all",1
"between $ 20,000",1
"led to Howsam",1
". The husky",1
"unusual characteristic for",1
", Mich. ,",1
"a salary believed",1
", Ohio (",1
"abide by the",1
"rookies sighed and",1
"-- Texas ,",1
"the fifth put",1
"drive to left",1
"She said ,",1
"'s staff --",1
"and Eddie Dyer",1
"bat in their",1
"fill the bases",1
"dent in the",1
"think Jack feels",1
"one of those",1
"sudden walkout .",1
", would favor",1
"spectacular Mays ,",1
"hearts . It",1
"motions '' ,",1
"Liston is Bill",1
"lagged . Dick",1
"of Washington in",1
". The Yankee",1
"to third base",1
"bases but Don",1
"long home run",1
"joined six other",1
"a southpaw .",1
"he was through",1
"in the ball",1
"for a blackout",1
"southpaw . The",1
"was Gardner 's",1
"are in order",1
"to the rightfield",1
"Paschal gruonded out",1
"Jackie Jensen said",1
"fourth and Wert",1
"Green 's double",1
"Gil Hodges turned",1
"Bears added their",1
"him . You",1
"home . This",1
"And one of",1
"at-bats for a",1
"pitching his no-hit",1
"Twins a 6-5",1
"walked up to",1
"Hector Lopez ,",1
"merely go through",1
"Wert . Gaines",1
"hurting Boston 's",1
"routed loser Joey",1
"the television policy",1
"of years the",1
"combined 280 yards",1
"San Francisco ,",1
"never talked to",1
"who have moved",1
"leads in per-game",1
"rightfully is the",1
"Eddie Dyer of",1
"and Mickey Mantle",1
"al . Spahn",1
"pair of pop",1
"be terminated before",1
"CBS network will",1
"to give the",1
"when Reno Bertoia",1
"as one of",1
"Louisville by a",1
"anything he (",1
"Despite the 45-degree",1
"came up with",1
", `` I",1
"of baseballs currently",1
"night he was",1
"American League champs",1
"three of the",1
"a batting average",1
"and has stayed",1
"who retired at",1
". Johnny Blanchard",1
"was heading home",1
"They now lead",1
"the lights are",1
", but Harmon",1
"trip across the",1
"a big dent",1
"rushing with 64",1
"first with his",1
"the rightfield corner",1
"revived the running",1
"what with 40-year-old",1
", when she",1
"game against a",1
"and a top-grade",1
"20,000 and $",1
"be surprised how",1
". It is",1
"arrangement made by",1
", here Monday",1
"base and scored",1
", Wally Post",1
"Tuesday night .",1
"attack . After",1
"game at Bears",1
"minor league level",1
"Ritchie : ``",1
"the putout .",1
"Bears Stadium Oct.",1
"Skorich said he",1
"boy-manager '' of",1
"a 15-hit attack",1
"that does baseball",1
"' winning streak",1
"the Boston Traveler",1
"and a tough",1
"cracked the first",1
"Jay in a",1
"Yankees routed loser",1
"mounted a 15-hit",1
"Room Athletic Club",1
"Nischwitz was working",1
"-- a triple",1
"SWC high .",1
"-- Kenny Lane",1
"the ball right",1
"hammered the ball",1
"that the games",1
"and Rocky Colavito",1
"sluggers who walloped",1
"season 's first",1
"went to his",1
"for the period",1
"unanimous decision over",1
"Minnie Minoso in",1
", Paschal doubled",1
"Baylor has the",1
"year , I",1
"continued his pinpoint",1
". Al Smith",1
". Lefty Wyman",1
"Randall of Tyler",1
"due to injuries",1
"gave the Sox",1
"lead Louisville by",1
") got was",1
"Harris , the",1
"on . Momentarily",1
"two chances to",1
") -- The",1
"an irritable rule",1
"first word from",1
"balls to fill",1
"will play to",1
"continue to abide",1
"would favor the",1
"The White Sox",1
"White Sox Monday",1
". Chico Ruiz",1
"19th world series",1
"Rocky Colavito ,",1
"game , a",1
"both a pennant",1
"Lemon and Gardner",1
"McAuliffe . Alusik",1
"Berra both out",1
"Liston was a",1
"where his wife",1
"Both , of",1
", City of",1
"to lead a",1
"Carreon 's first",1
"The appointment was",1
"of the bleachers",1
"The last couple",1
"nine previous seasons",1
"year . Turk",1
"Pennock , Art",1
"the sixth inning",1
"by a full",1
"Denver rookie ,",1
"series game .",1
"12 of 15",1
"cherished achievements the",1
"Paul-Minneapolis , May",1
"which Skorich said",1
"Actually they were",1
"Spahn not only",1
", Nev. ,",1
"8 o'clock Tuesday",1
"only two chances",1
"passes for 174",1
"said Stram ,",1
"surely can be",1
"Chicago White Sox",1
"against the Giants",1
") -- Boston",1
"Moore won his",1
"line drive to",1
"the fourth --",1
"Bobby Lowe of",1
"545-yard spree against",1
"told him what",1
"Association pack .",1
"1:48 , thanks",1
"a 38-point bulge",1
"in their windy",1
"Braves ' Joe",1
"to Reno ,",1
"but the expanded",1
"a meaningless exhibition",1
"smash was knocked",1
"bobbles : Cliff",1
"sixth on Alusik",1
"fans purposely stayed",1
"' third straight",1
"first of his",1
"play since 1950",1
"their 19th world",1
"straight over Indianapolis",1
"Mays ' four",1
"the Milwaukee rookies",1
"a team to",1
"the football champion",1
"showed a strong",1
"when off the",1
"in 46 at-bats",1
"Turk Lown was",1
"lifetime batting average",1
". Ritchie walked",1
"history on the",1
"him who I",1
"expanded outfield was",1
"Only Bucky Harris",1
"126 ) ,",1
"here Monday night",1
"days with the",1
"in 7 tosses",1
"his compartment to",1
"Once the figure",1
"the sixth .",1
"good stops and",1
"Spahnie does n't",1
"a record-tying 4-homer",1
"defense against passes",1
"a double-crosser and",1
"inning gave the",1
"Skorich received a",1
"home run deep",1
"than good ,",1
"of his nine",1
", joined six",1
"big leagues come",1
"singled home McAuliffe",1
"Al Paschal gruonded",1
", had little",1
"how a team",1
"the relative merits",1
"running argument about",1
"last week .",1
"as the Bears",1
"and A &",1
"Indians bunched three",1
"fence for the",1
"inning . Hector",1
"but NBC will",1
"suddenly found the",1
"will continue to",1
"Giants who had",1
"Allison 's run-scoring",1
"put the Twins",1
". Nischwitz was",1
"across the nation",1
"in taking a",1
"the two cherished",1
"on the ball",1
"-- Jerry Williams",1
"Bucky Harris ,",1
"a defensive coach",1
"of guys I",1
"Jim Lemon with",1
", was in",1
"fifth put the",1
", which just",1
"( on 5",1
"awaited . She",1
"any 25th man",1
". After Al",1
"and showed a",1
"Lowe of Boston",1
"ball player 's",1
"center put the",1
"Massachusetts Institute of",1
"his no-hit masterpiece",1
"other sluggers who",1
"'s double to",1
"into the leftfield",1
"two cherished achievements",1
"the nation to",1
"was well flooded",1
"Minoso in left",1
"is still bothered",1
"Just when it",1
"word from Jensen",1
"Henry during another",1
"Rip Randall of",1
"best defensive record",1
"off in 1:48",1
"succeeds Buck Shaw",1
", will be",1
"Not satisfied with",1
"Alusik 's grounder",1
"a side injury",1
"on with his",1
"5-game romp over",1
"irritable rule that",1
"out when his",1
"Don Rudolph when",1
"he warmed up",1
"Sox Outfielder Jackie",1
"and Gil Hodges",1
"how to merely",1
"Technology . Rookie",1
"had never talked",1
"out . In",1
"start hitting after",1
"accounted for three",1
"his sudden walkout",1
"baseball might be",1
". The Twins",1
"Yankees won their",1
"biggest total loop",1
"'s ball player",1
"over the Chicago",1
"Rookie Ron Nischwitz",1
"working on a",1
"staff -- Jerry",1
", the line",1
"from the game",1
"Yankees , Pat",1
"and he was",1
"walking Bob Allison",1
"about the nationwide",1
", who reaches",1
"Giants ' Willie",1
"with his second",1
"ranked lightweight ,",1
"by the rule",1
"home run in",1
"Alusik then moved",1
"the fourth and",1
"yards . Texas",1
"of tongues to",1
"many fans purposely",1
"yards passing (",1
"on the mound",1
"replacement , slammed",1
"Candlestick Park suddenly",1
"record books ,",1
"television policy .",1
"audience . Bobby",1
"and he said",1
"I 'm just",1
"ball player ,",1
"the motions ''",1
"off Bill Henry",1
"the bat in",1
"span of nine",1
"spectators was the",1
"across with a",1
"Boston 's chances",1
"a single loss",1
"big day revived",1
"right away ''",1
"-- a walk",1
"the ninth to",1
"made a spectacular",1
"with Bob Grove",1
"fizzled when John",1
"a series game",1
"conclusion here .",1
"Gardner 's second",1
"double into the",1
"to think Jack",1
"Grove , Carl",1
"Ron Nischwitz continued",1
"go through the",1
"Boston was the",1
"in the trade",1
"'s glove .",1
"Pacific Railroad streamliner",1
"Tex. , here",1
", said Stram",1
"Stadium last year",1
"hit four at",1
"Pavletich singled and",1
"hit before 5777",1
"Chuck Hinton tripled",1
"book '' .",1
". Mary Dobbs",1
". You would",1
". Bingles and",1
"of the year",1
"accomplished the feat",1
"Outfielder Jackie Jensen",1
"the corner of",1
"M , with",1
"exhibition game at",1
"Rudolph for the",1
"who I was",1
"second run batted",1
"used by one",1
"Warren Spahn pitching",1
"the liveliness of",1
"think I 'll",1
"pitcher but a",1
"The crowd of",1
"leagues have ordered",1
"six hits in",1
"the third inning",1
"to injuries ,",1
"average in the",1
"Hodges turned the",1
"two days with",1
"against passes ,",1
"the slender southpaw",1
"1946 had accomplished",1
"merits of Mays",1
"pitching Monday night",1
". She said",1
"had said and",1
"southpaw belonging with",1
"on the head",1
"just eluded the",1
"second against no",1
"runs , thanks",1
"see Mays '",1
"waved off his",1
", for a",1
"early Southwest Conference",1
"Louis Cardinals in",1
"against Lefty Don",1
"to Ritchie :",1
". I told",1
"quite cold .",1
"2-score-year milestone .",1
", a liner",1
"give the Minnesota",1
"of Boston was",1
"as they say",1
"since 1950 .",1
"end of last",1
"was privileged to",1
"down by Rudolph",1
"Bears added two",1
"run . I",1
"appointment was announced",1
"' ace .",1
"home audience .",1
". The Union",1
"Slaughter , another",1
"national pastime .",1
"word to anybody",1
"bleachers in right",1
"the Yankees ,",1
"first night game",1
"a new SWC",1
"double by Green",1
"league home run",1
"inning , as",1
"remarked , ``",1
"matter . The",1
"crushing the Reds",1
"the big leagues",1
"baseball writer for",1
"two straight over",1
"and passing 149",1
"'s first major",1
"who played rightfield",1
"Utah , May",1
"Giants ' ace",1
"the Ogden Standard",1
"Texas ' 545-yard",1
"took the lead",1
"third inning .",1
"-- made a",1
"his fourth homer",1
"baseballs currently in",1
"game 's top",1
"when my reflexes",1
"the magazine stand",1
"does n't know",1
", subbing for",1
"5-run first inning",1
"Willie 's big",1
"in the ninth",1
"in the book",1
"Shaw 's staff",1
"arise . It",1
"This year ,",1
"ball over the",1
". Lemon was",1
"a total offense",1
"with various unofficial",1
"'' . But",1
"game on top",1
"game 's history",1
"38-point bulge against",1
"hits in 46",1
". Despite the",1
"to only three",1
"two members of",1
"helpless to do",1
"the world ''",1
"sighed and remarked",1
"Washington State gave",1
"the lead in",1
"be on the",1
"pitching probably reached",1
". I remember",1
"hitless pitching probably",1
"an unusual characteristic",1
". This is",1
"Nischwitz continued his",1
"Don Wert 's",1
"singled and Gaines",1
"walked and Jim",1
", 355 yards",1
"a parade of",1
"the White Sox",1
"Pat Seerey of",1
"ca n't run",1
"a unanimous decision",1
"a strong arm",1
"a newsman .",1
"away , with",1
"still mounted a",1
"year because of",1
"or minor league",1
"American or National",1
"his second against",1
"`` I do",1
"a sacrifice fly",1
"is the national",1
"major leagues have",1
"the fact that",1
"made by Bob",1
"of is 11",1
"conductor said to",1
", 34.7 yards",1
"man on the",1
"to both a",1
"Club '' when",1
"mystery how a",1
"will forever be",1
"mound against veteran",1
"of 15 passes",1
"in the hole",1
"a 1-0 lead",1
"a new record",1
"another all-out guy",1
"won their 19th",1
"does baseball more",1
"$ 25,000 a",1
"you 're an",1
"characteristic for a",1
"winning run with",1
"to abide by",1
". Actually they",1
"the first of",1
". And one",1
"was in command",1
"Arkansas combined 280",1
"Sievers and single",1
"Gardner 's line",1
"chopper to third",1
"us to start",1
"Mickey 's .",1
"fan and anti",1
"then with Cleveland",1
"rightfield line and",1
"lights are in",1
"was tagged with",1
"Bertoia beat out",1
"the bases but",1
"with the ends",1
"subbing for Berra",1
"before the end",1
"situation will arise",1
"down the rightfield",1
"a spectacular play",1
"for the Boston",1
"it really did",1
"Sox a 1-0",1
"remarkable feats and",1
"yards rushing with",1
"The Twins tied",1
"and scored on",1
"in his 27",1
"currently in use",1
"in left field",1
"'ll probably get",1
"over Rip Randall",1
". The infield",1
"are gone and",1
"447 passing )",1
"rushing averages ,",1
"tosses ) and",1
"at the magazine",1
"elevated today to",1
"unofficial checks on",1
"the clubhouse .",1
"out , Jay",1
"their own tests",1
"applaud . In",1
"Wert came up",1
"an official word",1
"Gomez , et",1
"ball bat on",1
"feet away ,",1
"of opinion ,",1
"Champion Zoe Ann",1
"Sunday afternoons when",1
"Bob Allison aboard",1
"( to Baylor",1
"said he had",1
"Gardner 's hit",1
", slammed a",1
"5 completions in",1
"be any 25th",1
"right center ,",1
"a new arrangement",1
"liner to center",1
"( Liston )",1
"I have to",1
"Gauer works with",1
"'s request that",1
"top-grade big leaguer",1
"the first word",1
"gone . Just",1
"Joe Adcock ,",1
") -- Kenny",1
"corner , Paschal",1
"well flooded but",1
"bunched three of",1
"York Yankees won",1
", the CBS",1
"Park suddenly found",1
"and stole as",1
"nine innings .",1
"12 games .",1
"single by Lemon",1
"Houk only the",1
"network will continue",1
"to a new",1
". In four",1
"their history on",1
"before 5777 fans",1
"sixth inning when",1
"some good infield",1
"was and he",1
". Among the",1
"advantage of three",1
"340-blast over left",1
"'s opener ,",1
"veteran John Tsitouris",1
"League champs still",1
"third straight victory",1
"of the Milwaukee",1
"the noted exotic",1
"St. Louis Cardinals",1
"the rule but",1
"points beyond Mickey",1
"the major leagues",1
"to start controlling",1
"week . Texas",1
"and single by",1
"John Edwards fouled",1
"feels he 's",1
"Baylor 's 126",1
". And so",1
"Enos Slaughter ,",1
"warmed up after",1
"in Jim Lemon",1
"was announced at",1
"1924 , and",1
"powerful New York",1
"The husky 6-3",1
"way around on",1
", the American",1
"down to a",1
"Aggies had a",1
"of the Tribe",1
"was through a",1
"and bobbles :",1
"play . Chico",1
"not to be",1
"homer in two",1
"without an official",1
"are in progress",1
"liveliness of baseballs",1
"out a high",1
"a 5-run first",1
"be losing its",1
"`` I know",1
"with a line",1
"'s smash was",1
"laurels as one",1
"White Sox had",1
"-- Boston Red",1
"Cincinnati , Ohio",1
". St. Paul-Minneapolis",1
"single by Camilo",1
"from newsmen on",1
"run with two",1
"a humiliating 13-5",1
"a team will",1
"46 at-bats for",1
"Standard Examiner went",1
"Among the spectators",1
"coach . Gauer",1
"Harmon Killebrew came",1
"infield play .",1
"by a side",1
"up to him",1
"starting turn .",1
"elderly Spahn 's",1
"made a big",1
", about 400",1
"surprised how many",1
"and I 'm",1
"newsman . ``",1
"the left fence",1
"accounted for the",1
"Ruiz made a",1
"n't know how",1
"the Grizzlies '",1
"Jensen on his",1
"6-3 , but",1
"the leftfield corner",1
"Writer Ensign Ritchie",1
"Utah , for",1
"against no victories",1
"eluded the diving",1
"losing its grip",1
"cut off .",1
"a ball player",1
". Philadelphia ,",1
"would be surprised",1
"25 , joined",1
"great lefthanders in",1
"when she learned",1
", world 's",1
"a double into",1
"area comes from",1
"fanned six and",1
"Dan Pavletich singled",1
"at a salary",1
"slashed a 2-run",1
"corner of the",1
"baseball 30 minutes",1
"the road .",1
"Minnesota Twins a",1
"they say in",1
"moved Cooke across",1
"barrage Monday in",1
". Texas leads",1
"victory over the",1
"over Indianapolis ,",1
"coach for the",1
"games were cut",1
"record-tying 4-homer spree",1
"Don Rudolph to",1
"1,065 rushing and",1
"weekend what with",1
"any area comes",1
"new laurels as",1
"game to Texas",1
"by that time",1
"pass in his",1
". But there",1
"over the left",1
"weather the game",1
"big leaguer .",1
"diving Minnie Minoso",1
"to head coach",1
"the feat .",1
". The Giants",1
"the way around",1
"The early Southwest",1
"of Shaw 's",1
"the new season",1
"Ritchie walked up",1
"did n't matter",1
"Reds were back",1
"televised baseball 30",1
"will suddenly start",1
"home run over",1
"third Indianapolis run",1
"blacked out when",1
", 1951 ,",1
"guy , who",1
"a 6-5 victory",1
", but idle",1
"through the motions",1
"Jerry Williams and",1
"a blackout of",1
"hitting after a",1
"1951 , before",1
"minutes . Sports",1
"real stimulant to",1
"Mickey Mantle and",1
"Seerey of the",1
", only two",1
"the third Indianapolis",1
"spree Sunday .",1
"Milwaukee rookies sighed",1
"n't throw .",1
"line coach for",1
"' 380-foot home",1
"fourth homer of",1
"the Minnesota Twins",1
"on his sudden",1
"superior pitcher but",1
"280 yards rushing",1
"-- Nick Skorich",1
"Bill Henry during",1
"Athletic Club ''",1
"Carreon -- a",1
"and Carreon 's",1
". This was",1
"off the stage",1
"made their history",1
"night game and",1
", stopped in",1
"game , trailing",1
"played finale .",1
"loser Joey Jay",1
", I am",1
"guys I know",1
"`` That permitted",1
"its grip on",1
"M -- made",1
"back at the",1
"the bottom of",1
"a full game",1
"pastime . Of",1
"of a major",1
"and anti or",1
"front in the",1
"away from newsmen",1
"a 3-run homer",1
"before the start",1
"The Denver-area TV",1
"in a span",1
"by Green ,",1
". The appointment",1
"will arise .",1
"their windy Candlestick",1
"three of their",1
"masses up pops",1
"to a conclusion",1
"victory of the",1
"play in the",1
"to him .",1
"him . The",1
"as the Yankees",1
"homer as the",1
"boils down to",1
"'s Ebbetts Field",1
"Nev. , where",1
"to wagging .",1
"trick in Brooklyn",1
"`` I ca",1
"( 1,065 rushing",1
"video not be",1
"on whether you",1
"home and Gil",1
"a home audience",1
"in front in",1
"2-baser , an",1
"Porter and Wert",1
"area . It",1
"lead , but",1
"not only is",1
"by one team",1
"when the situation",1
"to whip TCU",1
"talk to him",1
"runs in the",1
"two doubles against",1
"as a manager",1
"stage . Lefty",1
"a long home",1
"a pair of",1
"hole in the",1
"'re an American",1
"Mich. , world",1
"hits . It",1
"with two men",1
"with Cleveland ,",1
"played rightfield that",1
"The Union Pacific",1
"to a matter",1
"only two did",1
"But Jackie had",1
"audience of only",1
"play on Alusik",1
"It was Nischwitz",1
"field , drove",1
", Cliff Cook",1
"achievements the elderly",1
"figure was 30-30",1
"away '' ,",1
"want to talk",1
"as 25 bases",1
"with the winning",1
"only 949 and",1
"triple by Roy",1
"front . A",1
"'s double and",1
"'s park .",1
"`` boy-manager ''",1
") , but",1
". But Jackie",1
"Mantle . This",1
"four straight .",1
"TCU , and",1
"is a superior",1
"tripled to the",1
"Gaines hammered the",1
"away from Bears",1
"to hit four",1
"him at the",1
"was over the",1
"n't think you",1
"Bob Grove ,",1
"get a ball",1
"doubt about the",1
"Charlie Gauer .",1
"Gaines ' infield",1
"ordered their own",1
"400 feet away",1
"and remarked ,",1
"second and third",1
"at home and",1
"while Ray Moore",1
"Institute of Technology",1
"yards , and",1
"best defense against",1
", the major",1
"he ( Liston",1
"fellow , a",1
"leaguer . The",1
"while . I",1
"Mays retaliating with",1
"the game ,",1
"Cincinnati , crushing",1
"good days .",1
"got was through",1
"his train trip",1
"too dark .",1
"the game .",1
"home runs and",1
"'m just speculating",1
"in two days",1
"slender southpaw belonging",1
"Ensign Ritchie of",1
"Dallas , Tex.",1
"whether you 're",1
"tallies . The",1
"came all the",1
"argument about the",1
"leftfield corner ,",1
"when the Indians",1
"a walk and",1
"Billy Gardner 's",1
"Texas Tech ran",1
"at Massachusetts Institute",1
"had taken a",1
"stole as many",1
", then with",1
"by Roy Sievers",1
"request that the",1
"The Giants who",1
"Phil Shartzer 's",1
"against a single",1
"Bear 's attack",1
"about the slender",1
"pennant and a",1
"It will forever",1
"in Milwaukee 's",1
", and has",1
"up pops heroics",1
"was through playing",1
"wagging . And",1
"bat on the",1
"Texas A &",1
"Nischwitz fanned six",1
"in front .",1
"offense of 361",1
"rule that does",1
"the Bear 's",1
"of Tyler ,",1
"game was clicked",1
"hits -- a",1
"he would retain",1
"the game 's",2
", Utah ,",2
"lead in the",2
". In the",2
", thanks to",2
". Willie 's",2
"the last of",2
"The Bears added",2
"all the way",2
"many as 25",2
"last of the",2
"yards per game",2
"on Alusik 's",2
"policy . This",2
"Ogden , Utah",2
", as they",2
"has the best",2
"the first inning",2
"I told him",2
"to left .",2
"'' . The",2
"reflexes are gone",2
"total offense of",2
"back in the",2
"as many as",2
"top of the",2
"in the last",2
"the end of",2
". I ca",2
"left in the",2
"was the first",2
"tied the score",2
"in the fifth",2
"my reflexes are",2
"four home runs",2
"the sixth on",2
"a 2-run homer",2
"back in front",2
", Tex. ,",2
"over left in",2
"stayed away from",2
"the Giants '",2
"run in the",3
"1 -- (",3
"of the game",3
", May 1",3
"A & M",3
"in the fourth",3
". `` I",3
"in the first",3
"-- ( AP",3
": `` I",3
"May 1 --",3
"in the sixth",3
". The Bears",3
"I ca n't",3
". It was",4
"AP ) --",4
"( AP )",4
