total tokens, 5339

tr_word_uni_grams, frequency
"29-5",1
"nature",1
"dating",1
"Bowie",1
"cooperating",1
"understand",1
"Edwin",1
"V.",1
"viewing",1
"Islands",1
"crowding",1
"Academy",1
"pre-season",1
"alleged",1
"Continental",1
"plowing",1
"Bryson",1
"shaken",1
"strategic",1
"Managing",1
"Matching",1
"monthly",1
"sold",1
"Deputy",1
"Seminole",1
"subjects",1
"related",1
"governs",1
"normally",1
"taste",1
"border",1
"Walker",1
"solo",1
"forty-year",1
"Rob",1
"27-year-old",1
"dentistry",1
"bright",1
"intern",1
"pending",1
"6.5",1
"Helping",1
"proceedings",1
"sprained",1
"1,000,000,000",1
"acceptance",1
"heavy",1
"donations",1
"misconstrued",1
"favored",1
"Abe",1
"drove",1
"complication",1
"Copeland",1
"responses",1
"cordial",1
"drive-in",1
"Constant",1
"specialists",1
"Arshinkoff",1
"penalized",1
"target",1
"sirens",1
"distance",1
"Cudmore",1
"Class-D",1
"representation",1
"deadlock",1
"lieutenant",1
"Clarence",1
"enunciate",1
"Fingered",1
"Pirie",1
"editing",1
"18th",1
"campaigning",1
"sons",1
"Ron",1
"science",1
"stop",1
"stake",1
"destroy",1
"Andy",1
"ineffectual",1
"Jimmie",1
"Puerto",1
"function",1
"Junior",1
"Until",1
"residential",1
"Publishing",1
"mature",1
"glad",1
"Thruston",1
"sending",1
"locomotive",1
"urgency",1
"surpassed",1
"26,000,000",1
"Albany",1
"Transportation",1
"Beach",1
"volunteers",1
"Erection",1
"guide",1
"fewer",1
"inject",1
"body",1
"Carmichael",1
"Questions",1
"treated",1
"invasion",1
"Representatives",1
"attacks",1
"Reconstruction",1
"detente",1
"haltingly",1
"Race",1
"defending",1
"loyalty",1
"Stafford",1
"Wards",1
"purpose",1
"J.R.",1
"economize",1
"quarrel",1
"interference",1
"Melvin",1
"combat",1
"Could",1
"Malcolm",1
"Fulbright",1
"bleacher-type",1
"remained",1
"specified",1
"Manager",1
"Russ",1
"800",1
"needy",1
"above",1
"bulky",1
"legitimate",1
"Testament",1
"sure",1
"enacted",1
"miscellaneous",1
"affected",1
"Rosy",1
"Mustang",1
"option",1
"Election",1
"encouraging",1
"Frankford",1
"Bachelor",1
"revulsion",1
"V.E.",1
"Buchanan",1
"deny",1
"Baylor",1
"everyone",1
"easy",1
"a.m.",1
"Atlantic",1
"provision",1
"9-7",1
"1920s",1
"breaks",1
"barely",1
"tangle",1
"3-to-o",1
"fear",1
"bowed",1
"witnessing",1
"3-5",1
"hastily",1
"dedicated",1
"honoring",1
"Tom",1
"hood",1
"adminstration",1
"evacuation",1
"Interviews",1
"judgment",1
"Scrapiron",1
"Bowden",1
"Asks",1
"4.4",1
"resources",1
"storage",1
"42d",1
"beach",1
"forestry",1
"Ross",1
"Community",1
"acts",1
"competing",1
"3-0",1
"Norm",1
"artist",1
"all-woman",1
"Ill",1
"Germany",1
"distasteful",1
"4,500",1
"rights",1
"solidarity",1
"attachment",1
"chorus",1
"indispensable",1
"Md.",1
"bonding",1
"wards",1
"splendid",1
"scoreboard",1
"interesting",1
"wider",1
"applause",1
"125,000",1
"hike",1
"resulted",1
"filly",1
"-",1
"governmental",1
"skills",1
"communities",1
"7,000",1
"pastors",1
"4:30",1
"count",1
"Counties",1
"Elevated",1
"questioning",1
"Los",1
"netted",1
"Bar",1
"extending",1
"camp",1
"Price",1
"statues",1
"Commerce",1
"stems",1
"gesture",1
"Strenuous",1
"mouth",1
"helping",1
"towel",1
"visiting",1
"Attacks",1
"Games",1
"furlongs",1
"clarification",1
"century",1
"indicate",1
"triple",1
"courtroom",1
"Cleveland",1
"Hallowell",1
"acre",1
"contend",1
"effected",1
"Samoa",1
"600",1
"Moving",1
"collects",1
"ballots",1
"pardoned",1
"Indemnity",1
"rejection",1
"61st",1
"neutralized",1
"Cost",1
"item",1
"upset",1
"linking",1
"Gaining",1
"frustrated",1
"subpenas",1
"Bay",1
"Nichols",1
"performed",1
"desire",1
"1940s",1
"apply",1
"clerk",1
"hampered",1
"ease",1
"14",1
"Senators",1
"minute",1
"strictly",1
"fullbacking",1
"Anson",1
"famous",1
"External",1
"pushed",1
"Forest",1
"builtin",1
"northernmost",1
"absent",1
"remarkably",1
"dormitories",1
"visitor",1
"115,000",1
"R.L.",1
"peace",1
"ailing",1
"promise",1
"Edgar",1
"Between",1
"Portugal",1
"Polls",1
"33d",1
"Customary",1
"sagging",1
"exposed",1
"assign",1
"excess",1
"wave",1
"loyalists",1
"wrongful",1
"urges",1
"unlike",1
"truths",1
"English",1
"France",1
"object",1
"calendar",1
"witnessed",1
"vouchers",1
"67,000",1
"rumored",1
"honor",1
"Denials",1
"infallible",1
"Inn",1
"publicized",1
"globe",1
"specifically",1
"disposal",1
"obtaining",1
"visited",1
"operating",1
"handed",1
"Grapefruit",1
"Purdue",1
"coordinate",1
"frequently",1
"drill",1
"remember",1
"three-inning",1
"tripping",1
"d'etat",1
"100,000",1
"Clint",1
"desertion",1
"Tower",1
"402",1
"Weaver",1
"wiped",1
"Grove",1
"economy",1
"practice",1
"Nursing",1
"published",1
"Home",1
"signs",1
"accomplish",1
"physician",1
"D",1
"thrusts",1
"yielding",1
"Street",1
"mandatory",1
"trend",1
"elements",1
"review",1
"odds",1
"opposite",1
"expedient",1
"erase",1
"main",1
"manslaughter",1
"Property",1
"Indeed",1
"rough",1
"protested",1
"influence",1
"Decries",1
"Certainly",1
"Morton",1
"draft",1
"toolmaker",1
"recipients",1
"petty",1
"procurement",1
"composition",1
"remarked",1
"Gene",1
"wire",1
"emphasize",1
"Bank",1
"filling",1
"part-time",1
"public-school",1
"Led",1
"Testifies",1
"Maurice",1
"delegations",1
"powered",1
"M",1
"downed",1
"Norristown",1
"parimutuels",1
"totaling",1
"breakdown",1
"Hugh",1
"Burke",1
"drop",1
"sort",1
"improving",1
"expired",1
"fielded",1
"coup",1
"Grace",1
"knuckleball",1
"expenses",1
"replaced",1
"clusters",1
"appearing",1
"intervention",1
"stresses",1
"Vincent",1
"Big",1
"favors",1
"tension",1
"financial",1
"coaching",1
"illegitimacy",1
"subpoenas",1
"movies",1
"36",1
"excise",1
"Country",1
"R",1
"springboard",1
"Thomas",1
"elephants",1
"ambitious",1
"demanded",1
"excuses",1
"Engaging",1
"Durwood",1
"contract-negotiation",1
"festive",1
"county-wide",1
"Jockey",1
"leaned",1
"Snyder",1
"structure",1
"protocol",1
"stolen",1
"appear",1
"Sons",1
"subsistence",1
"inadequate",1
"admitting",1
"explicit",1
"pleaded",1
"Principals",1
"Dicks",1
"Acres",1
"Lamar",1
"Merger",1
"6-3-3",1
"Saba",1
"larceny",1
"agitating",1
"miscount",1
"Whipple",1
"idleness",1
"traveled",1
"conquer",1
"chapters",1
"threat",1
"looked",1
"prelude",1
"prepayment",1
"individual",1
"Stout",1
"581,000",1
"Boyce",1
"Eldon",1
"insists",1
"Bird",1
"disagreement",1
"periodic",1
"expires",1
"designated",1
"Columbia",1
"moderate-income",1
"ponies",1
"hurlers",1
"claimed",1
"discharging",1
"compare",1
"develop",1
"long-term",1
"Russia",1
"25-a-plate",1
"Marines",1
"norm",1
"Screw",1
"confirmed",1
"chain",1
"pretenses",1
"worry",1
"theater",1
"accredited",1
"manifestations",1
"Gainesville",1
"physics",1
"reelected",1
"conclusion",1
"combine",1
"reference",1
"plows",1
"account",1
"Fighters",1
"quiet",1
"nightmare",1
"compensated",1
"N.",1
"affiliations",1
"rekindling",1
"ayes",1
"portions",1
"crossing",1
"Question",1
"handful",1
"Ullman",1
"reading",1
"annually",1
"product",1
"blueprints",1
"stressed",1
"jesting",1
"corner",1
"conditions",1
"steady",1
"dilemma",1
"declares",1
"due",1
"neighboring",1
"gazing",1
"Moscow",1
"declined",1
"Geraldine",1
"Business",1
"meantime",1
"Hood",1
"left-centerfield",1
"Private",1
"notarized",1
"formative",1
"imprudently",1
"opponents",1
"No.",1
"Boonton",1
"FBI",1
"contractor",1
"Company",1
"compete",1
"motor",1
"decency",1
"propose",1
"shipped",1
"performances",1
"Rico",1
"rigging",1
"Abatuno",1
"re-elected",1
"3-to-3",1
"crossed",1
"Planning",1
"definite",1
"blows",1
"intimidation",1
"indicating",1
"Ex-Oriole",1
"2-and-2",1
"currently",1
"onrush",1
"headquarters",1
"Dewey",1
"assertion",1
"attraction",1
"bridges",1
"distribute",1
"sacker",1
"sensitive",1
"basketball",1
"Horace",1
"Certain",1
"neither",1
"16,000",1
"repeatedly",1
"space",1
"iron",1
"750",1
"stronger",1
"Agency",1
"TNT",1
"88,000",1
"results",1
"bunt",1
"Bobby",1
"critic",1
"halfway",1
"critics",1
"enlisted",1
"commitments",1
"19-12",1
"Michigan",1
"56",1
"answer",1
"contended",1
"Gulf",1
"third-inning",1
"defenders",1
"Rouge",1
"planner",1
"55",1
"mediocre",1
"114",1
"Ledford",1
"please",1
"considering",1
"flight",1
"Brandeis",1
"Baton",1
"Appointment",1
"longstanding",1
"Navigation",1
"undue",1
"Ditmar",1
"Truck",1
"suggestion",1
"ratified",1
"circumstances",1
"ninety-nine",1
"Couve",1
"3646",1
"arouse",1
"disproportionate",1
"deeper",1
"110",1
"screen",1
"Aikin",1
"surrounded",1
"books",1
"Soule",1
"restless",1
"SanAntonio",1
"absorb",1
"ineligible",1
"wing",1
"Glen",1
"Encouraging",1
"ceremonies",1
"taxi",1
"447",1
"doubling",1
"engaged",1
"forum",1
"increasing",1
"Springfield",1
"inconclusive",1
"farms",1
"pertained",1
"forswears",1
"900-student",1
"Assistant",1
"Moune",1
"puts",1
"internal",1
"Sharkey",1
"shown",1
"wherever",1
"intensified",1
"returning",1
"flies",1
"interviews",1
"Arranging",1
"huge",1
"Shortcuts",1
"End",1
"intention",1
"blended",1
"Oregon",1
"330",1
"accepted",1
"avoided",1
"encouragement",1
"soldiers",1
"merited",1
"semipublic",1
"march",1
"pistol",1
"inquired",1
"Carmine",1
"contingent",1
"Maryland",1
"enthusiastic",1
"Louisiana",1
"realistic",1
"succeeds",1
"All",1
"emerge",1
"Campaigning",1
"catching",1
"setup",1
"fail",1
"possibility",1
"church-state",1
"blame",1
"Bankers",1
"Station",1
"Take",1
"detriment",1
"contested",1
"gay",1
"Leary",1
"laboratory",1
"horses",1
"exported",1
"loyalist",1
"swift-striding",1
"innocence",1
"Explosion",1
"Most",1
"requiring",1
"passage",1
"Legislative",1
"exploratory",1
"Quarterback",1
"pads",1
"mating",1
"hearsay",1
"edges",1
"quest",1
"products",1
"violence",1
"errs",1
"30,000,000",1
"Weldon",1
"mistrial",1
"strikes",1
"Herzog",1
"special-interest",1
"Petitions",1
"entail",1
"nationwide",1
"Law",1
"guilty",1
"Falcons",1
"catcher",1
"accelerated",1
"Richards",1
"de",1
"Nothing",1
"directly",1
"77",1
"Schwartz",1
"prevailed",1
"reasonable",1
"boosts",1
"citation",1
"grass",1
"conpired",1
"choices",1
"arrived",1
"vindication",1
"printed",1
"Ala",1
"amending",1
"ball-carriers",1
"Any",1
"Stanton",1
"ground",1
"administrators",1
"existed",1
"135",1
"Feis",1
"grounds",1
"75",1
"Doctor",1
"extension",1
"133",1
"usually",1
"Secretariat",1
"proportionate",1
"processes",1
"extraordinarily",1
"conspirators",1
"grasp",1
"contempt",1
"popped",1
"inspection",1
"Northern",1
"secretary-treasurer",1
"Great",1
"golf",1
"interim",1
"Beaumont",1
"Its",1
"oath-taking",1
"71",1
"Castro",1
"31st",1
"send",1
"469",1
"sweat-suits",1
"reduction",1
"functionary",1
"contractual",1
"suffragettes",1
"prop",1
"Proof",1
"Emerald",1
"breakups",1
"threshold",1
"240",1
"independent",1
"optimism",1
"taper",1
"energy",1
"Barnet",1
"barred",1
"Why",1
"delivered",1
"Seeking",1
"Zone",1
"co-signers",1
"Dirksen",1
"Gallup",1
"doubtful",1
"Navy",1
"belated",1
"bites",1
"350",1
"precipitated",1
"Verrone",1
"undergo",1
"strongest",1
"defeat",1
"No",1
"Kentucky",1
"labor-management",1
"referendum",1
"regarded",1
"things",1
"overseas",1
"settle",1
"docile",1
"discredit",1
"depend",1
"grocery",1
"ceremonial",1
"letter",1
"guardians",1
"freeze",1
"Harvard",1
"Woodland",1
"color",1
"located",1
"eleventh",1
"Asian",1
"older",1
"Reports",1
"subpenaed",1
"guessing",1
"victories",1
"Montgomery",1
"acute",1
"Taxation",1
"Pye",1
"sounded",1
"hospital-care",1
"learn",1
"majorities",1
"temporarily",1
"bespectacled",1
"sentence",1
"crossroads",1
"banker",1
"mortgages",1
"Cheshire",1
"advocacy",1
"Fears",1
"Jury",1
"listen",1
"crowds",1
"Sheriff",1
"Springs",1
"worker",1
"launched",1
"text",1
"stab",1
"hesitated",1
"encourage",1
"exclusive",1
"Tyler",1
"down-payments",1
"everybody",1
"Over",1
"4th",1
"professor",1
"Speaking",1
"shirking",1
"Hooked",1
"contributed",1
"Ward",1
"Heywood",1
"stays",1
"unite",1
"hard-fought",1
"extended",1
"Issue",1
"Mission",1
"respond",1
"owners",1
"Resentment",1
"titular",1
"aroused",1
"ex-National",1
"Chicago",1
"economically",1
"tusks",1
"allowances",1
"dissents",1
"upwards",1
"overthrow",1
"expect",1
"wisdom",1
"react",1
"172,000",1
"eminent",1
"reader",1
"Hackett",1
"Simultaneously",1
"Enforce",1
"restrained",1
"37,500",1
"1000",1
"95",1
"Elementary",1
"welcomed",1
"disapprove",1
"whip",1
"shouldda",1
"treatment",1
"royal",1
"Time",1
"Steel",1
"paid-for",1
"builder",1
"Roosevelt",1
"92",1
"conservatives",1
"constant",1
"150",1
"celebrate",1
"streamlined",1
"modifications",1
"90",1
"abandoned",1
"Common",1
"illegal",1
"tangible",1
"effectiveness",1
"Richey",1
"batter",1
"goods",1
"375",1
"Franklin",1
"star",1
"muscle",1
"208-pound",1
"temporary",1
"celebrants",1
"condition",1
"alienated",1
"3.25",1
"upheld",1
"Catcher",1
"Whitey",1
"Houk",1
"comforting",1
"Douglas",1
"widely",1
"Purchasing",1
"Virgil",1
"penalty",1
"explanation",1
"Marvin",1
"ripened",1
"Mack",1
"Self",1
"repeated",1
"wholesale",1
"pinch-hitters",1
"scholastic",1
"pricing",1
"happens",1
"suited",1
"Money",1
"cross",1
"Levitt",1
"ignored",1
"joblessness",1
"represents",1
"believing",1
"lettered",1
"whiz",1
"Knecht",1
"enthusiasm",1
"Passage",1
"Governor",1
"Shortly",1
"death",1
"ritiuality",1
"inure",1
"impetus",1
"1962",1
"value",1
"picking",1
"scriptures",1
"direct",1
"immediately",1
"reception",1
"World",1
"site",1
"stay",1
"partner",1
"slowly-mending",1
"crime",1
"Former",1
"respective",1
"tired",1
"1964",1
"revisions",1
"wintertime",1
"Tims",1
"mutter",1
"advisers",1
"warned",1
"Everything",1
"ruling",1
"checked",1
"300,000,000",1
"locate",1
"waged",1
"republic",1
"paths",1
"ended",1
"description",1
"patrolman",1
"check",1
"surveillance",1
"520-acre",1
"impossibly",1
"bounded",1
"meanwhile",1
"exile",1
"allowing",1
"rush",1
"safeties",1
"pretty",1
"outmoded",1
"honeymoon",1
"captain",1
"re-set",1
"twenty",1
"reckonings",1
"specifications",1
"killed",1
"confessing",1
"Prior",1
"Independent",1
"glow",1
"Ministers",1
"Stengel",1
"swearing",1
"effectively",1
"experts",1
"disposition",1
"automatically",1
"Cross",1
"ex-gambler",1
"second-half",1
"recorded",1
"devote",1
"plea",1
"committees",1
"monumental",1
"feeble",1
"application",1
"Cipriani",1
"job-seekers",1
"weakness",1
"Art",1
"signature",1
"Marshall",1
"blunders",1
"indecisive",1
"continued",1
"hastened",1
"hoc",1
"starting",1
"vacancy",1
"doors",1
"dedication",1
"Asked",1
"22-12",1
"Brod",1
"driver",1
"soaring",1
"symbol",1
"lumber",1
"fellow",1
"architecture",1
"redistricting",1
"assailed",1
"males",1
"happen",1
"Baptist",1
"roof",1
"proof",1
"conducted",1
"voice",1
"Sukarno",1
"Budgetary",1
"changed",1
"compulsory",1
"Southwestern",1
"Belleville",1
"yearly",1
"maintenance",1
"inclination",1
"sailing",1
"decried",1
"Natural",1
"batters",1
"hopeful",1
"son",1
"analysis",1
"modified",1
"Section",1
"validity",1
"172,400",1
"shrugged",1
"Sanitary",1
"machinist",1
"Dannehower",1
"divided",1
"Claims",1
"nurse",1
"forest",1
"thousand",1
"restrain",1
"J.B.",1
"catchers",1
"Davidson",1
"organized",1
"1942",1
"struggle",1
"dominated",1
"meager",1
"participating",1
"Supervisor",1
"sets",1
"Lord",1
"Brady",1
"Newark",1
"Trinity",1
"vacated",1
"1-12",1
"Kubek",1
"diagnostic",1
"1.24",1
"Garza",1
"boys",1
"speakers",1
"co-operation",1
"1,700",1
"Exploratory",1
"neutralists",1
"1944",1
"Masonic",1
"1945",1
"Circuit",1
"blow",1
"extremely",1
"squeezed",1
"raiser",1
"delayed",1
"fouling",1
"immigrant",1
"1946",1
"explain",1
"Milties",1
"Supt.",1
"Again",1
"Isaacson",1
"arises",1
"Hoyt",1
"co-operative",1
"discussed",1
"allies",1
"lever",1
"apprentices",1
"pleads",1
"representations",1
"correspondent",1
"capacity",1
"centers",1
"timely",1
"1948",1
"assist",1
"leave",1
"correct",1
"playing",1
"peanut",1
"specific",1
"Sens.",1
"dramatic",1
"unearned",1
"referred",1
"stopped",1
"aspects",1
"management",1
"scholastics",1
"cocktail",1
"punted",1
"mothers",1
"coordination",1
"wreck",1
"Paget",1
"Knights",1
"Dorsey",1
"spotted",1
"spirit",1
"Clements",1
"optimistic",1
"Edith",1
"Johnson",1
"traditional",1
"friendly",1
"corruption",1
"tracks",1
"merchandising",1
"International",1
"ministerial",1
"carved",1
"engage",1
"Leadership",1
"Offenses",1
"vision",1
"fund-raising",1
"rangy",1
"born",1
"identified",1
"coasted",1
"Once",1
"Ind.",1
"waited",1
"R-Cape",1
"Billy",1
"allied",1
"meets",1
"Mears",1
"peoples",1
"limit",1
"war-ridden",1
"Relatively",1
"multiple",1
"classical",1
"dropping",1
"relative",1
"mammoth",1
"spark",1
"scene",1
"pennant",1
"impair",1
"territories",1
"28th",1
"intercepted",1
"writes",1
"assemble",1
"Opposition",1
"Co",1
"examine",1
"Braves",1
"Plainview",1
"fashion",1
"Bureau",1
"Abner",1
"disaster",1
"Pitcher",1
"asks",1
"Whitfield",1
"king",1
"headache",1
"Chester",1
"deserves",1
"aggression",1
"revelation",1
"apart",1
"Hess",1
"forming",1
"franker",1
"Kaplan",1
"mainly",1
"1920",1
"suspended",1
"modernizing",1
"altho",1
"nominating",1
"Doxiadis",1
"permitted",1
"requests",1
"protests",1
"1921",1
"dissension",1
"Consolidated",1
"Hoover",1
"Supreme",1
"pledge",1
"woman",1
"relieved",1
"Policeman",1
"adamant",1
"1923",1
"conspicuous",1
"bargaining",1
"56-yard",1
"Place",1
"Rookie",1
"Surveys",1
"satisfied",1
"meaning",1
"defray",1
"Heitschmidt",1
"troublesome",1
"visits",1
"Southern-Republican",1
"athletic",1
"afford",1
"Owls",1
"Murville",1
"1925",1
"dealing",1
"jarred",1
"Tailback",1
"Mustangs",1
"moves",1
"particular",1
"Bud",1
"colonialist",1
"Roland",1
"scale",1
"Talking",1
"gaining",1
"arose",1
"outlets",1
"Stansbery",1
"battalion",1
"bombing",1
"Harold",1
"helped",1
"proposing",1
"unchanged",1
"Hyannis",1
"pointing",1
"Another",1
"originally",1
"distinction",1
"draw",1
"prior",1
"seeking",1
"Apart",1
"phone",1
"violating",1
"prosecution",1
"fate",1
"piracy",1
"enlarged",1
"assumed",1
"alternatives",1
"Ca",1
"champion",1
"slugged",1
"multiply",1
"controversial",1
"build-up",1
"Pierre",1
"transferred",1
"Connall",1
"Gillis",1
"uncommitted",1
"colonial",1
"plead",1
"throwing",1
"Huddle",1
"Miss.",1
"rain",1
"Spikes",1
"placing",1
"Skinny",1
"doctors",1
"Grayson",1
"Practice",1
"pedigreed",1
"precedent",1
"dangerous",1
"sheet",1
"writing",1
"gives",1
"negative",1
"deputy",1
"Earlier",1
"1,119",1
"includes",1
"reducing",1
"Industries",1
"Patience",1
"vicious",1
"well-established",1
"conduct",1
"Lowe",1
"Implementation",1
"grooming",1
"repealed",1
"tenor",1
"snapped",1
"admitted",1
"discovered",1
"Canal",1
"conserve",1
"credits",1
"discourage",1
"fraud",1
"unfair",1
"ill",1
"governments",1
"vehicle",1
"swelling",1
"advice",1
"reprimanded",1
"remarks",1
"thru",1
"undergoing",1
"procedure",1
"scholastically",1
"49ers",1
"size",1
"Tarrant",1
"quarter-mile",1
"affirmation",1
"concessionaires",1
"widespread",1
"Puddingstone",1
"so-far",1
"Callan",1
"erred",1
"Ky.",1
"Lieberman",1
"academies",1
"Bexar",1
"kill",1
"depositors",1
"Twenty-one-year-old",1
"stalled",1
"Ave",1
"Hargett",1
"babies",1
"possibly",1
"reelection",1
"Priddy",1
"Meanwhile",1
"Butcher",1
"viewpoint",1
"radios",1
"absolutely",1
"melt",1
"D.C.",1
"talk",1
"financing",1
"slate",1
"statewide",1
"15-1",1
"enforce",1
"aiding",1
"erected",1
"protect",1
"timetable",1
"conceded",1
"McConnell",1
"Schrunk",1
"overwhelmingly",1
"observer",1
"Every",1
"episode",1
"reestablish",1
"learning",1
"estimate",1
"Burbank",1
"Unfortunately",1
"LSU",1
"bed",1
"courageous",1
"Decisions",1
"favoring",1
"Jail",1
"W.M.",1
"allegations",1
"consonance",1
"quickie",1
"Local",1
"title",1
"concentrate",1
"fare",1
"especially",1
"demonstrate",1
"collectors",1
"24th",1
"Sullivan",1
"living",1
"Ed",1
"add",1
"false",1
"pro",1
"fit",1
"overly",1
"happy",1
"nightfall",1
"Deaf",1
"knowledge",1
"300,000",1
"creation",1
"noes",1
"Ore.",1
"nationalism",1
"Cedvet",1
"recovery",1
"certifying",1
"plenary",1
"157,460",1
"noted",1
"earned",1
"seven-stories",1
"Missionary",1
"dynamic",1
"introduction",1
"threatening",1
"hurler",1
"21st",1
"Contempt",1
"educators",1
"redevelopers",1
"bloodstream",1
"Casey",1
"farm",1
"withstand",1
"Karol",1
"amateurish",1
"7.20",1
"Dr",1
"Guam",1
"aids",1
"dismissed",1
"two-and-a-half-mile",1
"imposed",1
"Should",1
"deferred",1
"Yanks",1
"throws",1
"Harry",1
"December",1
"accepting",1
"praise",1
"directions",1
"consult",1
"12,000",1
"constitution",1
"Pearl",1
"appreciation",1
"acquire",1
"Cabinet",1
"chemistry",1
"curious",1
"tardiness",1
"constantly",1
"trusting",1
"totalitarian",1
"advertising",1
"Lubbock",1
"deadline",1
"re-enactment",1
"aid-to-education",1
"passenger",1
"occupancy",1
"sun",1
"shouting",1
"free-for-all",1
"Happy",1
"kingdom",1
"domination",1
"speaking",1
"Patty",1
"A.R.",1
"hip",1
"Culmone",1
"advisory",1
"457,000",1
"sum",1
"locale",1
"alloted",1
"siding",1
"amid",1
"sites",1
"transfer",1
"Plains",1
"protected",1
"surveyed",1
"authorize",1
"jockeying",1
"Souphanouvong",1
"Laotians",1
"parochial",1
"E.M.",1
"amounts",1
"Tony",1
"offense",1
"gained",1
"Bombers",1
"harsh",1
"firemen",1
"setbacks",1
"Since",1
"thoroughfare",1
"Corruption",1
"Seats",1
"Bontempo",1
"3-year-old",1
"surprises",1
"400,000,000",1
"Same",1
"14.2",1
"dissent",1
"desperate",1
"females",1
"blocked",1
"Alexander",1
"search",1
"save",1
"Better",1
"Chardon",1
"tenths",1
"allowance",1
"unnecessary",1
"string",1
"explains",1
"math",1
"10,000,000",1
"Liberal",1
"runners",1
"neighborhood",1
"observers",1
"Legislatures",1
"Wingback",1
"rates",1
"newspapers",1
"responding",1
"clubs",1
"examined",1
"appointments",1
"became",1
"removal",1
"greeting",1
"8,555",1
"clinic",1
"cruelty",1
"operates",1
"giving",1
"prospect",1
"Also",1
"two-hour",1
"Julian",1
"Hank",1
"Jamaican",1
"Northwestern",1
"Ask",1
"A.M.",1
"foods",1
"employer",1
"Carson",1
"outspoken",1
"colts",1
"organizing",1
"ignition",1
"Manhattan",1
"ideas",1
"employes",1
"builders",1
"merit",1
"R-Warren",1
"Inc.",1
"Archives",1
"apartments",1
"exert",1
"underdeveloped",1
"Summerdale",1
"Battalion",1
"script",1
"confronts",1
"Tabb",1
"extraordinary",1
"selfish",1
"burden",1
"forecasts",1
"stepping",1
"true",1
"affair",1
"flavor",1
"pledges",1
"Wise",1
"Grovers",1
"Contributions",1
"chosen",1
"teaches",1
"87-31",1
"1600",1
"8,000",1
"War",1
"Concern",1
"missing",1
"flows",1
"dependence",1
"12,192,865",1
"linebackers",1
"reiterated",1
"Helen",1
"indoor",1
"By",1
"officer",1
"1.09.3",1
"accused",1
"attractive",1
"1937",1
"presentments",1
"Clubs",1
"enactment",1
"3-inch",1
"strange",1
"Surrounding",1
"Pleas",1
"politicos",1
"thirds",1
"crucified",1
"attempts",1
"begins",1
"bigger",1
"inspiring",1
"Wilhelm",1
"Pappas",1
"counseling",1
"182",1
"remove",1
"Pete",1
"miracles",1
"whereby",1
"Virginia",1
"vexing",1
"susceptible",1
"industrial",1
"establishing",1
"Turkish",1
"tore",1
"Detente",1
"strengthen",1
"terms",1
"adjustments",1
"Despite",1
"Nobody",1
"candor",1
"thrill",1
"ramp",1
"Njust",1
"Battle",1
"Times",1
"compensation",1
"bad",1
"clock",1
"Fifty-three",1
"managers",1
"surprised",1
"factors",1
"Schley",1
"demands",1
"occupying",1
"risk",1
"watered",1
"deficit",1
"gratification",1
"aged-care",1
"1409",1
"sinless",1
"graduation",1
"assured",1
"feeds",1
"wrote",1
"consultations",1
"created",1
"father",1
"Ankara",1
"relieve",1
"Harris",1
"Crump",1
"torn",1
"street",1
"hoodlums",1
"158-pounder",1
"picture",1
"lip",1
"Reaction",1
"factory",1
"undermine",1
"842,617",1
"fumble",1
"kicks",1
"followers",1
"opener",1
"criticized",1
"determined",1
"indorsed",1
"assent",1
"coping",1
"violate",1
"26-year-old",1
"Auburn",1
"rise",1
"ban",1
"term-end",1
"sway",1
"rebel",1
"statutes",1
"tragedies",1
"plunder",1
"Works",1
"serving",1
"inconsistencies",1
"reconvenes",1
"paper",1
"Lt.",1
"Republican-controlled",1
"undoubtedly",1
"relief",1
"Iglehart",1
"hence",1
"bar",1
"authorized",1
"types",1
"preoccupied",1
"scrimmage",1
"Eastland",1
"Angeles",1
"handled",1
"hamlet",1
"miss",1
"600-yard",1
"271",1
"bat",1
"trials",1
"announce",1
"disturbing",1
"lifeblood",1
"9th",1
"Track",1
"emergency",1
"entered",1
"Democrat",1
"duel",1
"forward",1
"fits",1
"273",1
"Kiwanis",1
"revive",1
"latter",1
"startled",1
"Snodgrass",1
"regents",1
"preserving",1
"reside",1
"privately",1
"appropriation",1
"fixed",1
"authoritative",1
"unanimous",1
"Alpharetta",1
"outline",1
"Halfback",1
"policeman",1
"Florida",1
"Barker",1
"reads",1
"shops",1
"violated",1
"Future",1
"solemnly",1
"Youth",1
"Raymondville",1
"week-end",1
"corporation",1
"corrupt",1
"regulate",1
"touchdowns",1
"Kika",1
"pick",1
"spots",1
"beyond",1
"Failure",1
"Exclaimed",1
"replies",1
"Theodore",1
"Hurrah",1
"suffrage",1
"requesting",1
"posted",1
"Extension",1
"Hunter",1
"pooling",1
"barbs",1
"Apparently",1
"signers",1
"transit",1
"169",1
"enact",1
"MacPhail",1
"Atty.",1
"exceptionally",1
"house-cleaning",1
"keeps",1
"brief",1
"issuance",1
"reservoirs",1
"renewal",1
"spends",1
"serve",1
"1957",1
"waiting",1
"clearing",1
"welled",1
"Instead",1
"confrontations",1
"identical",1
"clocking",1
"Ghana",1
"Huffman",1
"small-town",1
"vantage",1
"centralized",1
"Yes",1
"tendency",1
"vice",1
"tentative",1
"quarterbacks",1
"housewife",1
"hero",1
"Ky",1
"sitting",1
"Fortin",1
"Tokyo",1
"enlarging",1
"Lodge",1
"subcommittee",1
"diplomat",1
"honored",1
"guards",1
"signed",1
"Mayoral",1
"Salter",1
"behind",1
"blasted",1
"earliest",1
"faces",1
"retire",1
"Underlying",1
"profound",1
"younger",1
"nearing",1
"towards",1
"separation",1
"complementary",1
"Steeves",1
"Willamette",1
"p.m.",1
"eyes",1
"Outlays",1
"awarding",1
"understates",1
"denying",1
"submarines",1
"frame",1
"selections",1
"Regrets",1
"significance",1
"Held",1
"role",1
"verbally",1
"aided",1
"handling",1
"geographical",1
"equally",1
"Look",1
"1311",1
"agreeing",1
"250",1
"ambiguous",1
"striking",1
"midnight",1
"well-prepared",1
"Piersee",1
"achievement",1
"disable",1
"extern",1
"taunted",1
"stayed",1
"pedestrian",1
"Fortier",1
"romped",1
"81",1
"pin",1
"Greece",1
"unlikely",1
"Owen",1
"substitutionary",1
"spotlight",1
"Cod",1
"instructed",1
"settlement",1
"streak",1
"whatever",1
"continuous",1
"severe",1
"proselytizing",1
"3,500",1
"Dimaggio",1
"loses",1
"inaugural",1
"although",1
"Blaine",1
"145",1
"Hollowell",1
"Attorneys",1
"390-foot",1
"solution",1
"monuments",1
"kids",1
"stripped",1
"stream",1
"languages",1
"stature",1
"swipe",1
"Administrative",1
"midmorning",1
"Toying",1
"A.A.U.",1
"erupts",1
"released",1
"driving",1
"multi-family",1
"presides",1
"Savannah",1
"pro-Communist",1
"Adnan",1
"Sixth",1
"6,100,000,000",1
"tossed",1
"Averell",1
"conciliatory",1
"cornerstone",1
"1865",1
"scheduling",1
"task",1
"acknowledge",1
"harmony",1
"observing",1
"Economically",1
"elementary",1
"Clifford",1
"nearby",1
"companionship",1
"changing",1
"Ill.",1
"realization",1
"flashy",1
"failing",1
"My",1
"seeks",1
"bearing",1
"detach",1
"powers",1
"Dumas",1
"Sargent",1
"administrator",1
"intends",1
"vitality",1
"incomplete",1
"pays",1
"families",1
"Appeals",1
"statistical",1
"drifts",1
"losses",1
"Jackie",1
"Nilsen",1
"Insuring",1
"example",1
"Ohio",1
"affixed",1
"hire",1
"677",1
"UPI",1
"purposes",1
"ministers",1
"5,000,000",1
"attending",1
"luck",1
"premium",1
"patience",1
"Casualty",1
"amicable",1
"exact",1
"reasons",1
"comment",1
"dependent",1
"unable",1
"deterrent",1
"Dec.",1
"injuring",1
"livelihood",1
"Sheraton-Biltmore",1
"fires",1
"deliver",1
"fourth-down",1
"Palm",1
"By-passing",1
"S.P.C.A.",1
"Liberals",1
"helps",1
"Moreover",1
"stimulatory",1
"green",1
"correctness",1
"spectator",1
"con",1
"Victim",1
"Wesley",1
"Mo",1
"Owl",1
"slated",1
"associate",1
"fire-fighting",1
"Seeks",1
"Tactics",1
"discredited",1
"facto",1
"works",1
"intervened",1
"63",1
"containing",1
"Bubenik",1
"However",1
"Faced",1
"pitches",1
"backed",1
"neutralist",1
"mutual",1
"roster",1
"basically",1
"classes",1
"validated",1
"confirm",1
"contrasting",1
"Office",1
"scored",1
"delinquency",1
"Increasing",1
"based",1
"trust",1
"hopper",1
"22.50",1
"swing",1
"Intervenes",1
"spectators",1
"bodily",1
"2.21.6",1
"crises",1
"objected",1
"3100",1
"quite",1
"techniques",1
"wording",1
"allocated",1
"missed",1
"Rotary",1
"headline",1
"appraisers",1
"Cooperation",1
"Oilers",1
"net",1
"hands",1
"wrong",1
"discussions",1
"September-October",1
"stewards",1
"malingering",1
"filing",1
"preliminary",1
"unpredictability",1
"Coliseum",1
"540",1
"Darrell",1
"767",1
"various",1
"clean",1
"substantial",1
"recipient",1
"clash",1
"Garland",1
"dwellings",1
"Milt",1
"Norway",1
"accident",1
"uses",1
"capsule",1
"Nick",1
"all-out",1
"servants",1
"Detroit",1
"Mo.",1
"200,000",1
"spring-training",1
"decent",1
"740,000",1
"Regarding",1
"Campus",1
"depends",1
"fired",1
"image",1
"socialized",1
"bypass",1
"fence",1
"acquittal",1
"error",1
"complained",1
"Okla",1
"Antonio",1
"workable",1
"Footnotes",1
"magnificent",1
"Barbara",1
"adequately",1
"depending",1
"determination",1
"outpatient",1
"balance",1
"decrease",1
"Major-League",1
"ethical",1
"Harriman",1
"lived",1
"Bellwood",1
"saved",1
"resurrection",1
"reason",1
"mathematics",1
"proven",1
"brilliant",1
"one-week-old",1
"clears",1
"Clipper",1
"calmest",1
"R-Bergen",1
"15,000,000",1
"appointing",1
"increases",1
"Conference",1
"42",1
"notion",1
"Oum",1
"offenders",1
"fiasco",1
"voter",1
"preferably",1
"unconstitutional",1
"realize",1
"addressing",1
"interior",1
"Courtney",1
"102",1
"underwrite",1
"walkways",1
"courteous",1
"May",1
"Estimates",1
"merchandise",1
"different",1
"instances",1
"repaired",1
"severly",1
"assure",1
"Southwest",1
"Leaguers",1
"44",1
"rundown",1
"contracting",1
"initial",1
"rebound",1
"tactical",1
"perfect",1
"representative",1
"escaping",1
"apprentice",1
"accomodations",1
"Wide",1
"last-minute",1
"exacerbated",1
"Sulphur",1
"copy",1
"ad",1
"2-hour-and-27-minute",1
"selected",1
"Desmond",1
"fundamentally",1
"flash",1
"place-kicker",1
"47",1
"expanding",1
"6,000",1
"Investigation",1
"foster",1
"events",1
"Federation",1
"Aid",1
"rookie-of-the-year",1
"49",1
"From",1
"file",1
"channels",1
"expended",1
"Of",1
"teammates",1
"Maplecrest",1
"compelled",1
"conditioned",1
"reporting",1
"fruitful",1
"intellectually",1
"fines",1
"Cuban",1
"coordinator",1
"astray",1
"gun",1
"unhappy",1
"L.B.",1
"animated",1
"closeness",1
"See",1
"resolve",1
"nitroglycerine",1
"Mal",1
"sledding",1
"McNaughton",1
"insult",1
"culminating",1
"pronounced",1
"domain",1
"newly",1
"entirely",1
"keynote",1
"sued",1
"England",1
"Metal",1
"pertinent",1
"stole",1
"regrouping",1
"slaughter",1
"overcrowding",1
"enemy",1
"relatives",1
"637",1
"Because",1
"More",1
"film",1
"twenty-first",1
"Formula",1
"noon",1
"table",1
"assisting",1
"nab",1
"flow",1
"ribbon",1
"relinquish",1
"scientist",1
"300",1
"enlarge",1
"Newton",1
"seven-hit",1
"essence",1
"reserves",1
"Cal.",1
"415",1
"friends",1
"beginning",1
"trims",1
"appointee",1
"Mac",1
"famed",1
"terminate",1
"Abraham",1
"guaranteed",1
"Church",1
"senate",1
"shall",1
"slender",1
"two-game",1
"absolute",1
"ligament",1
"lay",1
"Duffy",1
"legal",1
"type",1
"justices",1
"smooth",1
"letterman",1
"Conflict",1
"faster",1
"figure",1
"Kas",1
"yard",1
"aerial",1
"forbids",1
"agenda",1
"cope",1
"Michael",1
"giveaway",1
"13th",1
"6-foot-3-inch",1
"spearhead",1
"Grimm",1
"emphasizing",1
"Cape",1
"independents",1
"submitted",1
"fined",1
"recommends",1
"Similar",1
"muster",1
"investigations",1
"fractures",1
"efficiency",1
"disappointment",1
"incorporated",1
"Grand",1
"Indicating",1
"Inspections",1
"bulwark",1
"disclosures",1
"admission",1
"bordering",1
"Britain",1
"1.5",1
"25",1
"evacuate",1
"wait",1
"formerly",1
"shrines",1
"element",1
"formed",1
"Districts",1
"Jesus",1
"Freeholder",1
"legislature",1
"news",1
"nationally",1
"tactics",1
"fifteen",1
"breathes",1
"Haynes",1
"Boun",1
"29",1
"confronting",1
"Andrew",1
"retarded",1
"tracts",1
"Sees",1
"trends",1
"Galveston",1
"sewer",1
"granted",1
"sectors",1
"cut-off",1
"common",1
"ten",1
"Cambridge",1
"ivory",1
"drafted",1
"understood",1
"blind",1
"Harlingen",1
"someplace",1
"Scotch",1
"Sabbath",1
"Crumlish",1
"steamed",1
"split",1
"Washington-Oregon",1
"incumbent",1
"productive",1
"Travelers",1
"sympathetic",1
"Opponents",1
"hurdle",1
"covering",1
"Negro",1
"Milwaukee",1
"Middle",1
"juries",1
"Among",1
"unemployment",1
"promising",1
"intelligent",1
"diem",1
"inducted",1
"laymen",1
"Without",1
"Six",1
"Being",1
"contention",1
"avoid",1
"Tex.",1
"Ryne",1
"17,000",1
"ankles",1
"six-point",1
"boarding",1
"doubt",1
"Shipley",1
"registered",1
"Broncos",1
"Sunay",1
"fourteen-nation",1
"deductible",1
"municipal",1
"3.5",1
"Shriver",1
"hope",1
"consultation",1
"consistently",1
"afraid",1
"uncorked",1
"difficulties",1
"surprise",1
"thigh",1
"equitable",1
"manufacturers",1
"Opelika",1
"Brown",1
"Assuming",1
"verdict",1
"forthcoming",1
"expansive",1
"Sr",1
"Gordon",1
"Split",1
"squeeze",1
"remedy",1
"modernized",1
"tactic",1
"eliminates",1
"assisted",1
"badly",1
"universities",1
"allotted",1
"amended",1
"records",1
"submarine-ball",1
"loyal",1
"impinging",1
"emphasis",1
"focused",1
"Culbertson",1
"gross",1
"exhibition",1
"Field",1
"Thompson",1
"systems",1
"Steve",1
"pension",1
"expanded",1
"weather",1
"700",1
"normalcy",1
"2,000",1
"core",1
"sensation",1
"implementation",1
"thanks",1
"hilt",1
"adverse",1
"Very",1
"receptive",1
"hitch",1
"Consequently",1
"So",1
"motorists",1
"flat",1
"stops",1
"Construction",1
"outright",1
"interlude",1
"popularity",1
"Harriet",1
"exaltation",1
"definitely",1
"constructing",1
"Ike",1
"equipment",1
"vagueness",1
"Thousands",1
"discussion",1
"honest",1
"registration",1
"origin",1
"handle",1
"5.1",1
"television",1
"loans",1
"enforcing",1
"branches",1
"Irish",1
"Forbes",1
"congealed",1
"boosting",1
"October",1
"coercion",1
"love",1
"slogans",1
"Bowl",1
"liberal",1
"O'Connor's",1
"round",1
"opposes",1
"pricking",1
"non-partisan",1
"educational",1
"unpleasant",1
"Congressman",1
"Master",1
"regard",1
"somebody",1
"device",1
"established",1
"Dist",1
"normal",1
"Walter",1
"respected",1
"reiterating",1
"standpoint",1
"voluntarily",1
"Gaynor",1
"slammed",1
"facing",1
"Salvatore",1
"Operating",1
"severely",1
"Water",1
"nineteenth",1
"instructor",1
"Rd.",1
"escape",1
"nailed",1
"accounts",1
"Grady",1
"nobody",1
"Individual",1
"landscaped",1
"watch",1
"Stark",1
"requirements",1
"regretted",1
"J.M.",1
"re-arguing",1
"Smith",1
"junior-senior",1
"compromise",1
"colleagues",1
"Councilwoman",1
"acclaimed",1
"insurgent",1
"unmeritorious",1
"bothered",1
"2d",1
"Defends",1
"wooden",1
"slow-bouncing",1
"straightaway",1
"economist",1
"consent",1
"prediction",1
"garden",1
"expand",1
"Narragansett",1
"threats",1
"chicanery",1
"camps",1
"SW",1
"awareness",1
"plant",1
"missions",1
"recommendation",1
"determining",1
"Mayer",1
"seem",1
"344,000",1
"one-fourth",1
"resent",1
"twice",1
"Nevertheless",1
"transcended",1
"expert",1
"seen",1
"Shortstop",1
"secret",1
"contingency",1
"constructive",1
"private-school",1
"contact",1
"draught",1
"7.5",1
"feared",1
"surplus",1
"TEA",1
"kinda",1
"seventh",1
"Diety",1
"Beaverton",1
"emotionally",1
"mental",1
"1-inch",1
"starter",1
"Ignition",1
"suspect",1
"colleges",1
"nose",1
"half-mile",1
"Licenses",1
"smell",1
"majority",1
"multi-million-dollar",1
"dismiss",1
"appoint",1
"credited",1
"half-brothers",1
"induce",1
"repairs",1
"simplest",1
"Cemal",1
"43,000",1
"flying",1
"abuse",1
"Constantinos",1
"Audrey",1
"38-7",1
"fundamentalism",1
"Twelve",1
"succession",1
"overhauling",1
"Connie",1
"prepared",1
"Fifteen",1
"Mark",1
"lying",1
"Times-Picayune",1
"4,800",1
"freer",1
"claiming",1
"powderpuff",1
"whipped",1
"tolerated",1
"adopt",1
"displayed",1
"professors",1
"balking",1
"inflicted",1
"resumption",1
"convey",1
"five-year",1
"condemning",1
"activity",1
"homers",1
"hole",1
"Act",1
"proceed",1
"shortcuts",1
"Wellsley",1
"Laughlin",1
"Strickland",1
"Super",1
"Backs",1
"wish",1
"Those",1
"infiltrating",1
"Raesz",1
"Small",1
"Mayor-nominate",1
"closer",1
"completing",1
"construed",1
"misuse",1
"briefing",1
"Except",1
"influences",1
"Sexton",1
"Area",1
"scandals",1
"expire",1
"friction",1
"eye",1
"regulating",1
"McLemore",1
"controlling",1
"worse",1
"8-4",1
"vacancies",1
"plane",1
"Misunderstanding",1
"matters",1
"financed",1
"Belanger",1
"Eligio",1
"Ga.",1
"levy",1
"Action",1
"prosecute",1
"choose",1
"Mary",1
"mighty",1
"sharp",1
"revenue",1
"utility",1
"York-Pennsylvania",1
"mentally",1
"inspired",1
"congenial",1
"4911",1
"troubles",1
"tallies",1
"combating",1
"produced",1
"Corp",1
"Alan",1
"discharge",1
"East-West",1
"transportation",1
"else",1
"sometime",1
"retirements",1
"drain",1
"Graft",1
"repay",1
"tackle",1
"hitters",1
"Indications",1
"solicitor",1
"Edward",1
"reconstruction",1
"Neil",1
"ours",1
"rapped",1
"Squad",1
"offerings",1
"2400",1
"diplomats",1
"flew",1
"lending",1
"municipalities",1
"letters",1
"purchased",1
"waterfront",1
"Fisher",1
"graduates",1
"seat",1
"violations",1
"Texan",1
"liquor",1
"marked",1
"Military",1
"5-to-2",1
"Singles",1
"landed",1
"eight-year",1
"corporations",1
"experimental",1
"5-to-3",1
"completed",1
"unnoticed",1
"2,330,000",1
"revolt",1
"neutral",1
"absence",1
"strongly",1
"balls",1
"Buddy",1
"Raiders",1
"Sox",1
"S.",1
"B.D.",1
"democracy",1
"Calling",1
"Stennis",1
"1.10.8",1
"scrimmaged",1
"necessitate",1
"slums",1
"west",1
"proposes",1
"451,500",1
"receives",1
"filled",1
"speeches",1
"slugging",1
"capitol",1
"contributing",1
"peace-loving",1
"live",1
"Temple",1
"insure",1
"elect",1
"41-8",1
"equal",1
"Aggies",1
"beaming",1
"Can",1
"Rumford",1
"1.10.1",1
"workshop",1
"inflate",1
"US",1
"naval",1
"Leonard",1
"Empire",1
"vehicular",1
"UN",1
"M.C.",1
"40,000,000",1
"TCU",1
"brisk",1
"1.10.4",1
"Statements",1
"finished",1
"donated",1
"speedy",1
"Indonesia",2
"benefit",2
"Ramsey",2
"road",2
"tally",2
"lighter",2
"credit",2
"retailers",2
"certificate",2
"delay",2
"master",2
"highways",2
"integration",2
"Western",2
"share",2
"waters",2
"Cotton",2
"permit",2
"disclosure",2
"Denton",2
"Technology",2
"latest",2
"rival",2
"probable",2
"Now",2
"jurors",2
"whose",2
"finances",2
"square",2
"grabbed",2
"Old",2
"veiled",2
"Samuel",2
"eventually",2
"Rabb",2
"somewhat",2
"announcement",2
"divorce",2
"schedule",2
"pitchers",2
"claim",2
"Roos",2
"orderly",2
"locally",2
"elaborate",2
"southpaw",2
"urban",2
"T.",2
"About",2
"income",2
"relaxation",2
"Acting",2
"animal",2
"fulfilled",2
"underlying",2
"adoption",2
"'ve",2
"speak",2
"conservative",2
"continue",2
"6-foot",2
"carrying",2
"agency",2
"organize",2
"Myers",2
"qualified",2
"appearance",2
"prefer",2
"Canada",2
"gotten",2
"plus",2
"Longhorn",2
"Buffalo",2
"questioned",2
"Norman",2
"slowed",2
"raise",2
"horse",2
"Marv",2
"pedestrians",2
"involve",2
"details",2
"finance",2
"Aug.",2
"contributions",2
"persuade",2
"eighth",2
"scoring",2
"Memorial",2
"Broncs",2
"outside",2
"European",2
"resignation",2
"separate",2
"promotion",2
"cutting",2
"personally",2
"touch",2
"errors",2
"completes",2
"Dave",2
"conversions",2
"Seidel",2
"sponsor",2
"Columbus",2
"responsibility",2
"dispute",2
"witnesses",2
"frames",2
"cash",2
"rookie",2
"completely",2
"learned",2
"presentation",2
"dividing",2
"Riverside",2
"dirt",2
"reorganization",2
"justice",2
"speaker",2
"difference",2
"Davenport",2
"described",2
"consider",2
"Hatfield",2
"away",2
"modern",2
"active",2
"perform",2
"knowing",2
"finally",2
"duty",2
"delegation",2
"supermarkets",2
"rushing",2
"churchmen",2
"patronage",2
"marching",2
"heart",2
"Schwab",2
"Relations",2
"progress",2
"Halleck",2
"comes",2
"Princes",2
"retained",2
"Signal",2
"demand",2
"Sapio",2
"revamped",2
"Kan.",2
"danger",2
"resentment",2
"rooms",2
"biggest",2
"deep",2
"schooling",2
"began",2
"reward",2
"Kremlin",2
"theme",2
"average",2
"T.F.",2
"contractors",2
"atomic",2
"winless",2
"Multnomah",2
"cooperation",2
"completion",2
"Christ",2
"outgoing",2
"faced",2
"response",2
"Mining",2
"stage",2
"firms",2
"engineering",2
"Nugent",2
"daily",2
"freshman",2
"pitch",2
"individuals",2
"p.m",2
"Queens",2
"insist",2
"sufficient",2
"wheel",2
"guilt",2
"model",2
"machines",2
"often",2
"5,000",2
"Yankees",2
"O.",2
"Kelsey",2
"Advisory",2
"token",2
"39",2
"foes",2
"Waters",2
"performing",2
"weary",2
"Full",2
"Presidential",2
"How",2
"drive",2
"Delaney",2
"cars",2
"diplomatic",2
"voiced",2
"September",2
"Representative",2
"cover",2
"Illinois",2
"Blue",2
"produce",2
"platform",2
"experienced",2
"Miles",2
"two-year",2
"enterprise",2
"Stamford",2
"fullback",2
"Development",2
"Thailand",2
"list",2
"Roads",2
"31",2
"Varani",2
"David",2
"Chapman",2
"variety",2
"Solicitor",2
"current",2
"tied",2
"except",2
"hearings",2
"chambers",2
"Francisco",2
"Trimble",2
"return",2
"Square",2
"four-year",2
"defendant",2
"items",2
"goes",2
"looking",2
"negotiations",2
"appears",2
"names",2
"Worth",2
"completions",2
"automobile",2
"Residential",2
"under-developed",2
"chance",2
"4-year",2
"steered",2
"Actually",2
"Ralph",2
"SMU",2
"show",2
"pipeline",2
"150,000,000",2
"sell",2
"For",2
"gift",2
"Arthur",2
"North",2
"pockets",2
"Orange",2
"global",2
"mound",2
"thinks",2
"places",2
"atmosphere",2
"anti-organization",2
"Stage",2
"Princess",2
"probation",2
"opinions",2
"bankruptcy",2
"Finance",2
"58th",2
"adding",2
"Case",2
"Howser",2
"particularly",2
"consulted",2
"racial",2
"Revenue",2
"trim",2
"hailed",2
"confusion",2
"wind",2
"read",2
"fanned",2
"laid",2
"licensing",2
"fully",2
"benefits",2
"figures",2
"Menderes",2
"technical",2
"rigged",2
"cooperate",2
"bankrupt",2
"Colquitt",2
"word",2
"Town",2
"hill",2
"successor",2
"impression",2
"intentions",2
"Greenfield",2
"crowd",2
"Calls",2
"supervision",2
"firmly",2
"J.W.",2
"legislative",2
"disagreed",2
"Such",2
"attracted",2
"enforced",2
"planned",2
"reform",2
"met",2
"bank",2
"societies",2
"reply",2
"genuine",2
"praised",2
"burglary",2
"unanimously",2
"Noting",2
"shortly",2
"gathering",2
"positive",2
"idea",2
"estate",2
"authorities",2
"dropped",2
"bang",2
"allow",2
"concluded",2
"conventional",2
"Defense",2
"gas",2
"believed",2
"Port",2
"Dumont",2
"operate",2
"truth",2
"Research",2
"takes",2
"remains",2
"Coach",2
"endorse",2
"luncheon",2
"block",2
"interview",2
"Nam",2
"Economic",2
"ordinary",2
"joints",2
"tremendous",2
"hit-run",2
"freedom",2
"carries",2
"Constitution",2
"74",2
"loose",2
"mostly",2
"trade",2
"key",2
"enjoy",2
"Lafayette",2
"gradually",2
"rescind",2
"departments",2
"prejudicial",2
"26",2
"Purse",2
"escheat",2
"SEATO",2
"Barnes",2
"investigating",2
"driveway",2
"Saxton",2
"determine",2
"Mike",2
"birth",2
"agriculture",2
"fifth",2
"Duren",2
"believe",2
"principles",2
"saying",2
"workout",2
"wo",2
"passes",2
"pitching",2
"actually",2
"rules",2
"yardage",2
"vocational",2
"Nelson",2
"adjournment",2
"savings",2
"improved",2
"goals",2
"percent",2
"La",2
"considered",2
"O'Neill",2
"fleet",2
"Breakthrough",2
"cabinet",2
"fielding",2
"Paradise",2
"1961-62",2
"vehicles",2
"society",2
"permitting",2
"ranks",2
"Incumbent",2
"poor",2
"carried",2
"inhabitants",2
"Petersburg",2
"stocks",2
"wage",2
"canvassers",2
"fill",2
"deputies",2
"lots",2
"enter",2
"re-election",2
"volume",2
"nominee",2
"K.",2
"Bob",2
"hoped",2
"outlay",2
"though",2
"subjected",2
"cease-fire",2
"am",2
"outcome",2
"gifts",2
"itself",2
"units",2
"contracts",2
"Sylvania",2
"sense",2
"Must",2
"widow",2
"heavily",2
"meetings",2
"doing",2
"advance",2
"over-all",2
"receiving",2
"helm",2
"Although",2
"Athletics",2
"Virgin",2
"prosecutor",2
"spokesman",2
"brokers",2
"threatened",2
"staggered",2
"1963",2
"folks",2
"previously",2
"48",2
"status",2
"1966",2
"champions",2
"emphasizes",2
"rising",2
"morning",2
"correspondents",2
"native",2
"provocation",2
"Philip",2
"Mass.",2
"Our",2
"room",2
"debut",2
"drew",2
"10-year",2
"rapid",2
"nevertheless",2
"length",2
"bitter",2
"dogs",2
"45",2
"Plainfield",2
"topics",2
"Crime",2
"fails",2
"races",2
"physically",2
"costly",2
"Four",2
"professional",2
"range",2
"spending",2
"Juvenile",2
"unless",2
"inning",2
"Only",2
"treasurer",2
"triumph",2
"Stepanovich",2
"Young",2
"rally",2
"contracted",2
"Along",2
"officers",2
"visit",2
"mass",2
"customers",2
"Guard",2
"Warren",2
"Donald",2
"sp",2
"anyone",2
"toss",2
"Leader",2
"rank",2
"41",2
"Tax",2
"hundreds",2
"corps",2
"Several",2
"pull",2
"Oak",2
"40",2
"behalf",2
"Officials",2
"reportedly",2
"eligible",2
"stated",2
"favorable",2
"succeed",2
"two-thirds",2
"commercial",2
"salary",2
"intervals",2
"lacking",2
"knew",2
"Seekonk",2
"greeted",2
"continuance",2
"safety",2
"kickoff",2
"impossible",2
"Policies",2
"improve",2
"assembly",2
"Ordinary",2
"During",2
"route",2
"Hill",2
"Buster",2
"clouded",2
"tougher",2
"privilege",2
"defraud",2
"consecutive",2
"ability",2
"anyway",2
"Ridge",2
"useless",2
"profit",2
"hot",2
"South",2
"assigned",2
"Weatherford",2
"Bills",2
"station",2
"kicking",2
"Miller",2
"ride",2
"reserve",2
"require",2
"proved",2
"cited",2
"climate",2
"Paso",2
"decide",2
"grant-in-aid",2
"try",2
"reduced",2
"India",2
"Senator",2
"utilities",2
"students",2
"strengthening",2
"policemen",2
"threw",2
"losing",2
"power",2
"Speaker",2
"armed",2
"Delta",2
"P.M.",2
"hospitals",2
"feels",2
"1,500",2
"she",2
"chores",2
"10,000",2
"illness",2
"Knox",2
"distribution",2
"institute",2
"remainder",2
"8,280",2
"Before",2
"underground",2
"arrest",2
"Corp.",2
"Byrd",2
"parents",2
"pioneer",2
"prove",2
"fighting",2
"Knauer",2
"testimony",2
"noticeable",2
"holds",2
"bit",2
"existing",2
"22-year-old",2
"included",2
"legislator",2
"agreements",2
"beating",2
"philosophy",2
"Five",2
"wardens",2
"sought",2
"tattered",2
"parts",2
"Cox",2
"novel",2
"arrests",2
"Shiflett",2
"Treaty",2
"Collins",2
"talked",2
"senators",2
"valuable",2
"Felix",2
"reconsideration",2
"Terry",2
"appeared",2
"turn",2
"asking",2
"light",2
"N.Y.",2
"Griffin",2
"fast",2
"Dunn",2
"Paul",2
"Congressional",2
"Sherman",2
"strategy",2
"teach",2
"MacDonald",2
"arms",2
"guard",2
"coaches",2
"include",2
"Dick",2
"looks",2
"apartment",2
"politics",2
"lot",2
"two-run",2
"mud",2
"graduate",2
"righthander",2
"Hays",2
"approach",2
"exception",2
"Even",2
"low",2
"explosive",2
"teachers",2
"Zurich",2
"setback",2
"Delinquency",2
"shopping",2
"Dean",2
"Sheldon",2
"criticisms",2
"playoff",2
"encounter",2
"rejected",2
"Tech",2
"hundred",2
"section",2
"verification",2
"considerably",2
"missionary",2
"aside",2
"portion",2
"Institute",2
"prevention",2
"nothing",2
"occupation",2
"priority",2
"86",2
"quickly",2
"senior",2
"course",2
"technicians",2
"stretch",2
"absorbed",2
"purchasing",2
"Reps.",2
"commissioner",2
"hazards",2
"reviewed",2
"parks",2
"dependency",2
"1913",2
"leaving",2
"authorizing",2
"composed",2
"Hudson",2
"proud",2
"batting",2
"everything",2
"acceptable",2
"scramble",2
"Science",2
"Viet",2
"Angola",2
"violation",2
"bet",2
"Commission",2
"strength",2
"developments",2
"showing",2
"Ivan",2
"scholarship",2
"timed",2
"5000",2
"proper",2
"scattered",2
"rooming",2
"Patrick",2
"rather",2
"explosion",2
"territory",2
"Rayburn",2
"tractor",2
"estimates",2
"so-called",2
"Essex",2
"bureau",2
"Builders",2
"revised",2
"29th",2
"publicly",2
"owner",2
"succeeded",2
"recognized",2
"Turkey",2
"spend",2
"charges",2
"drafts",2
"repair",2
"panel",2
"coordinating",2
"loan",2
"1950",2
"Rural",2
"rehabilitation",2
"Formby",2
"counsel",2
"Park",2
"lawmakers",2
"ankle",2
"trying",2
"client",2
"reviewing",2
"largely",2
"process",2
"manager",2
"summer",2
"fourth",2
"1953",2
"offices",2
"covered",2
"180",2
"Vice-President",2
"coolest",2
"1954",2
"centralization",2
"approve",2
"eighteen",2
"seats",2
"1955",2
"seems",2
"feature",2
"capital",2
"1956",2
"air",2
"Louis",2
"decade",2
"forced",2
"deeply",2
"operated",2
"scoreless",2
"break",2
"opened",2
"shortage",2
"reporters",2
"mark",2
"insisted",2
"Within",2
"advisement",2
"decisions",2
"betting",2
"Joseph",2
"circulation",2
"connection",2
"suffered",2
"Would",2
"ally",2
"bomb",2
"near",2
"international",2
"faith",2
"clerical",2
"method",2
"Just",2
"Khrushchev",2
"licenses",2
"middle",2
"baseman",2
"committeewoman",2
"boos",2
"certainly",2
"viewed",2
"popular",2
"neighbors",2
"affairs",2
"shortstop",2
"dismissal",2
"objection",2
"Salinger",2
"planning",3
"Orleans",3
"involving",3
"semester",3
"winning",3
"modest",3
"shot",3
"bankers",3
"expressed",3
"lost",3
"highly",3
"solve",3
"preserve",3
"score",3
"officials",3
"Jackson",3
"combined",3
"daughter",3
"buildings",3
"Kerr",3
"Trenton",3
"Latin",3
"direction",3
"Eugene",3
"promised",3
"Director",3
"providing",3
"spokesmen",3
"attorneys",3
"small",3
"women",3
"warden",3
"Pratt",3
"throw",3
"impressive",3
"Under",3
"load",3
"medicine",3
"attention",3
"A[fj]",3
"force",3
"Fresh",3
"stores",3
"wild",3
"whom",3
"tried",3
"sharply",3
"1958",3
"unspecified",3
"division",3
"addition",3
"Executive",3
"largest",3
"caught",3
"few",3
"crisis",3
"consulting",3
"Rusk",3
"eliminate",3
"lack",3
"Gerosa",3
"blue",3
"radio",3
"essential",3
"Yankee",3
"entire",3
"bounced",3
"regular",3
"investigate",3
"base",3
"notice",3
"basic",3
"couple",3
"us",3
"featured",3
"clearly",3
"Football",3
"floor",3
"close",3
"Scott",3
"questions",3
"highway",3
"procedures",3
"ranged",3
"always",3
"Fla.",3
"across",3
"ruled",3
"assistance",3
"Dwight",3
"Raymond",3
"firmer",3
"beat",3
"row",3
"directors",3
"mention",3
"esplanade",3
"why",3
"Weinstein",3
"reached",3
"fighters",3
"Stadium",3
"Asia",3
"ones",3
"date",3
"deal",3
"payment",3
"used",3
"responsible",3
"70",3
"suit",3
"injured",3
"Sept.",3
"accept",3
"grant",3
"replace",3
"scholarships",3
"Republicanism",3
"Breeding",3
"kick",3
"Welfare",3
"senator",3
"Green",3
"contest",3
"rate",3
"Baltimore",3
"airport",3
"practicing",3
"achieve",3
"prison",3
"dinner",3
"predict",3
"carcass",3
"probably",3
"Paris",3
"moving",3
"reduce",3
"Police",3
"old",3
"revolving",3
"greatest",3
"Ierulli",3
"Jr",3
"As",3
"increased",3
"Adair",3
"requirement",3
"stages",3
"Jerry",3
"manner",3
"retiring",3
"jail",3
"placed",3
"war",3
"Rules",3
"keep",3
"Allen",3
"sophomore",3
"Berlin",3
"reforms",3
"Goldberg",3
"Redevelopment",3
"least",3
"introduced",3
"speed",3
"once",3
"judge",3
"elections",3
"retirement",3
"alternative",3
"anonymous",3
"alone",3
"Wayne",3
"ways",3
"positions",3
"conflict",3
"name",3
"singled",3
"Grant",3
"stood",3
"populous",3
"&",3
"politicians",3
"Chief",3
"labor",3
"employed",3
"squad",3
"warning",3
"critical",3
"gain",3
"permits",3
"Pathet",3
"stands",3
"developing",3
"raises",3
"Gentile",3
"Morse",3
"causes",3
"Roberts",3
"Conservation",3
"Al",3
"failure",3
"transition",3
"month",3
"Longhorns",3
"trucks",3
"glove",3
"designed",3
"doubled",3
"Brooks",3
"1910",3
"Bush",3
"Molvar",3
"belief",3
"provides",3
"named",3
"change",3
"history",3
"polls",3
"weight",3
"says",3
"uncertain",3
"available",3
"constituted",3
"Falls",3
"Beame",3
"offenses",3
"High",3
"Screvane",3
"Administration",3
"Nov.",3
"knocked",3
"Arkansas",3
"15,000",3
"congressmen",3
"January",3
"Affairs",3
"juvenile",3
"bench",3
"request",3
"known",3
"likely",3
"Two",3
"regime",3
"sign",3
"Siebern",3
"Oct.",3
"Cook",3
"candidacy",3
"representatives",3
"Caldwell",3
"career",3
"married",3
"experience",3
"sheriff",3
"establish",3
"termed",3
"student",3
"keeping",3
"ran",3
"Henry",3
"using",3
"facilities",3
"prices",3
"basis",3
"boost",3
"complete",3
"Southern",3
"Nixon",3
"Chairman",3
"talks",3
"issued",3
"reaction",3
"win",3
"central",3
"leading",3
"Coast",3
"whole",3
"Public",3
"defeated",3
"Brooklyn",3
"Africa",3
"Red",3
"motions",3
"timing",3
"6",3
"mind",3
"offered",3
"quarterback",3
"junior",3
"inside",3
"presidential",3
"Garden",3
"resigned",3
"Bible",3
"touchdown",3
"avenue",3
"fine",3
"place-kicking",3
"pro-Western",3
"35",3
"unity",3
"provided",3
"obligations",3
"usual",3
"beliefs",3
"dollar",3
"army",3
"join",3
"formally",3
"With",3
"filed",3
"homer",3
"moved",3
"appointed",3
"Reynolds",3
"nuclear",3
"G.",3
"damage",3
"Robert",3
"9",3
"official",3
"decision",3
"setting",3
"courts",3
"personal",3
"Boston",3
"Minister",3
"doctor",3
"Parsons",3
"having",3
"Three",3
"clear",3
"Ratcliff",3
"Southeast",3
"Bourcier",3
"representing",3
"subject",3
"hardly",3
"nearly",3
"thousands",3
"sponsored",3
"Sheeran",3
"irregularities",3
"expansion",3
"bloc",3
"revision",3
"budget",3
"rapidly",3
"let",3
"37",3
"Gursel",3
"Salem",3
"lead",3
"tract",3
"1,000",3
"What",3
"thus",3
"Legislators",3
"weekend",3
"fair",3
"pulled",3
"billion",3
"PTC",3
"gone",3
"getting",3
"factor",3
"Board",3
"Organization",3
"saving",3
"areas",3
"65",3
"maximum",3
"advised",3
"recommend",3
"plate",3
"anticipated",3
"opportunity",3
"July",3
"60",3
"debate",3
"doubles",3
"50",3
"Zimmerman",3
"Lee",3
"roads",3
"Lawrence",3
"Keegan",3
"remark",3
"Their",3
"mails",3
"Howard",3
"jobs",3
"commented",3
"America",3
"houses",3
"ca",3
"'d",3
"wide",3
"junta",3
"executive",4
"traffic",4
"understanding",4
"pace",4
"mates",4
"Women",4
"plays",4
"courses",4
"Cuba",4
"amendment",4
"supported",4
"started",4
"cities",4
"presented",4
"Premier",4
"voluntary",4
"Pfaff",4
"controversy",4
"Division",4
"spoke",4
"event",4
"wall",4
"banks",4
"obtain",4
"hear",4
"homes",4
"Labor",4
"opinion",4
"audience",4
"Joe",4
"Miss",4
"building",4
"control",4
"won",4
"perhaps",4
"around",4
"injury",4
"previous",4
"Criminal",4
"denied",4
"Royal",4
"discrimination",4
"Carey",4
"offer",4
"fiscal",4
"Notte",4
"boy",4
"Feb.",4
"failed",4
"strong",4
"required",4
"obtained",4
"worth",4
"raised",4
"judges",4
"Federal",4
"11",4
"less",4
"7",4
"found",4
"hotel",4
"pounds",4
"pair",4
"parade",4
"Group",4
"Avenue",4
"Ave.",4
"defensive",4
"voted",4
"pointed",4
"paying",4
"rescue",4
"put",4
"You",4
"felt",4
"apparent",4
"league",4
"De",4
"5",4
"difficult",4
"bid",4
"expense",4
"begin",4
"effective",4
"feeling",4
"attended",4
"Barber",4
"To",4
"leg",4
"your",4
"Each",4
"taxpayers",4
"sessions",4
"Peace",4
"entering",4
"programs",4
"Stram",4
"advantage",4
"millions",4
"Sheets",4
"raising",4
"mood",4
"ninth",4
"argued",4
"broke",4
"Other",4
"approval",4
"Phouma",4
"total",4
"insurance",4
"lawyer",4
"minor",4
"runs",4
"merely",4
"actions",4
"21",4
"teamsters",4
"precincts",4
"speech",4
"April",4
"Sam",4
"Miami",4
"choice",4
"wanted",4
"ahead",4
"posts",4
"Meyner",4
"Capitol",4
"seemed",4
"delegates",4
"residents",4
"citizens",4
"Tuttle",4
"side",4
"200",4
"growth",4
"railroad",4
"San",4
"sent",4
"Fire",4
"23d",4
"confidence",4
"denomination",4
"An",4
"others",4
"replied",4
"historic",4
"eliminating",4
"goal",4
"Kunkel",4
"double",4
"according",4
"union",4
"'m",4
"matching",4
"serious",4
"ticket",4
"extra",4
"opening",4
"poll",4
"formula",4
"land",4
"Jan.",4
"telephone",4
"sixth",4
"allowed",4
"Foreign",4
"situation",4
"Westfield",4
"hard",4
"important",4
"!",4
"starts",4
"college",4
"employment",4
"sue",4
"despite",4
"Oriole",4
"performance",4
"votes",4
"veteran",4
"personnel",4
"fund",4
"concerned",4
"original",4
"hotels",4
"Johnston",4
"sound",4
"message",4
"Goodis",4
"bids",4
"districts",4
"practices",4
"She",4
"fall",4
"principal",4
"welfare",4
"On",4
"revenues",4
"purchase",4
"training",4
"Health",4
"adopted",4
"28",4
"successful",4
"enforcement",4
"congressional",4
"ever",4
"family",4
"child",4
"disclosed",4
"establishment",4
"Flock",4
"interested",4
"men",4
"great",4
"Lumpe",4
"players",4
"blast",4
"bring",4
"tries",4
"Barnard",4
"joined",4
"detailed",4
"dead",4
"hour",4
"agencies",4
"segregation",4
"Grover",4
"feet",4
"Berry",4
"projects",4
"alliance",4
"constitutional",4
"view",4
"club",4
"series",4
"Superior",4
"F.",4
"Assembly",4
"Vandiver",4
"area",4
"oppose",4
"yet",4
"hopes",4
"Powell",4
"authority",4
"loss",4
"favor",4
"500",4
"returned",4
"Hartman",4
"Denver",4
"young",4
"instead",4
"quick",4
"Morris",4
"line",4
"Americans",4
"teaching",5
"real",5
"These",5
"Central",5
"Wednesday",5
"views",5
"Hyde",5
"certain",5
"best",5
"seven",5
"Cotten",5
"conspiracy",5
"tonight",5
"making",5
"voting",5
"1960",5
"private",5
"petition",5
"chief",5
"joint",5
"Eastwick",5
"patient",5
"necessary",5
"Pelham",5
"100",5
"kept",5
"Club",5
"police",5
"community",5
"wife",5
"level",5
"Authority",5
"Mississippi",5
"Assemblies",5
"really",5
"Geneva",5
"greater",5
"lives",5
"nations",5
"order",5
"vital",5
"Bronx",5
"job",5
"act",5
"hours",5
"Gladden",5
"issues",5
"agreement",5
"how",5
"nine",5
"headed",5
"follow",5
"source",5
"Citizens",5
"commission",5
"caused",5
"post",5
"walk",5
"Highway",5
"together",5
"P.",5
"National",5
"defendants",5
"kicked",5
"L.",5
"B.",5
"housing",5
"AP",5
"many",5
"Day",5
"Oklahoma",5
"afternoon",5
"signatures",5
"nation",5
"free",5
"followed",5
"Brandt",5
"Democrats",5
"studied",5
"want",5
"mean",5
"indicated",5
"license",5
"Both",5
"GOP",5
"8",5
"opposed",5
"Controller",5
"rural",5
"group",5
"dog",5
"'re",5
"Williams",5
"El",5
"enabling",5
"Reama",5
"Pennsylvania",5
"cut",5
"16",5
"Many",5
"And",5
"face",5
"Sandman",5
"R.",5
"prevent",5
"Bill",5
"something",5
"trouble",5
"While",5
"gave",5
"Union",5
"expects",5
"short",5
"led",5
"H.",5
"Lao",5
"movement",5
"contract",5
"estimated",5
"effect",5
"taking",5
"period",5
"generally",5
"Association",5
"Fort",5
"developed",5
"thought",5
"ordinance",5
"passing",5
"result",5
"suggested",5
"proposals",5
"needs",5
"Souvanna",5
"Oslo",5
"higher",5
"Daniel",5
"hit",5
"heard",5
"served",5
"appointment",5
"informed",5
"retired",5
"played",5
"none",5
"reports",5
"Hospital",5
"press",5
"fact",5
"age",5
"tell",5
"aged",5
"gets",5
"Parkhouse",5
"immediate",5
"including",5
"foreign",5
"methods",5
"believes",5
"nomination",5
"Attorney",5
"fee",5
"pressure",5
"earlier",5
"E.",5
"Rhode",5
"teacher",5
"hand",5
"limited",5
"either",5
"Throneberry",5
"operation",5
"same",5
"lines",5
"life",5
"thing",5
"After",5
"position",5
"industry",5
"mayor",5
"Bellows",5
"ready",5
"spent",5
"companies",5
"Hartsfield",5
"Jim",5
"call",5
"interest",5
"policies",5
"until",5
"Jack",5
"Force",5
"Gannon",5
"challenge",5
"deaf",5
"School",5
"her",5
"saw",5
"Mills",5
"precinct",5
"unit",5
"ballot",6
"recommended",6
"world",6
"country",6
"point",6
"Philadelphia",6
"open",6
"battle",6
"coach",6
"move",6
"however",6
"Gen.",6
"Wexler",6
"Socialist",6
"already",6
"D.",6
"Providence",6
"test",6
"At",6
"measure",6
"urged",6
"minutes",6
"West",6
"directed",6
"turned",6
"payroll",6
"step",6
"groups",6
"business",6
"gubernatorial",6
"coming",6
"nursing",6
"address",6
"find",6
"Clark",6
"attend",6
"willing",6
"firm",6
"himself",6
"times",6
"staff",6
"Government",6
"M.",6
"similar",6
"12",6
"Houston",6
"football",6
"That",6
"listed",6
"22",6
"weeks",6
"Communists",6
"ago",6
"legislation",6
"June",6
"seek",6
"carry",6
"following",6
"petitions",6
"feel",6
"points",6
"November",6
"economic",6
"Rev.",6
"hearing",6
"20",6
"never",6
"Air",6
"large",6
"full",6
"superintendent",6
"General",6
"almost",6
"say",6
"water",6
"hits",6
"Birds",6
"person",6
"steps",6
"receive",6
"Last",6
"concern",6
"front",6
"Buckley",6
"research",6
"education",6
"investigation",6
"decided",6
"dental",6
"hold",6
"full-time",6
"workers",6
"charge",6
"assistant",6
"money",6
"soon",6
"Frank",6
"late",6
"grand",6
"six",6
"car",6
"explained",6
"1959",6
"Prince",6
"attempt",6
"Island",6
"degree",6
"recommendations",6
"worked",6
"ask",6
"support",6
"Nations",6
"Hotel",6
"straight",7
"every",7
"East",7
"going",7
"apparently",7
"construction",7
"study",7
"way",7
"single",7
"charged",7
"property",7
"George",7
"CD",7
"Jersey",7
"When",7
"security",7
"civil",7
"Rice",7
"information",7
"religious",7
"association",7
"opposition",7
"little",7
"problems",7
"ward",7
"within",7
"Texans",7
"Portland",7
"Martinelli",7
"3",7
"house",7
"15",7
"form",7
"hospital",7
"University",7
"4",7
"member",7
"Massachusetts",7
"went",7
"Jr.",7
"costs",7
"Commissioner",7
"Corps",7
"secretary",7
"action",7
"Co.",7
"kind",7
"working",7
"Berger",7
"recent",7
"held",7
"parties",7
"approved",7
"Atlanta",7
"24",7
"needed",7
"coalition",7
"still",7
"taxes",7
"final",7
"toward",7
"fight",7
"counties",7
"place",7
"themselves",8
"population",8
"announced",8
"relations",8
"forces",8
"God",8
"legislators",8
"too",8
"big",8
"number",8
"took",8
"additional",8
"Thursday",8
"William",8
"services",8
"ball",8
"changes",8
"Rep.",8
"trial",8
"track",8
"laws",8
"If",8
"company",8
"U.S.",8
"town",8
"Orioles",8
"Army",8
"half",8
"attorney",8
"Austin",8
"halfback",8
"Charles",8
"tomorrow",8
"elected",8
"further",8
"good",8
"done",8
"question",8
"Karns",8
"record",8
"development",8
"Soviet",8
"brought",8
"major",8
"end",8
"York",8
"health",8
"start",8
"again",8
"Gov.",8
"my",8
"evidence",8
"office",8
"running",8
"policy",8
"me",8
"calls",8
"2",8
"games",8
"NATO",8
"St.",8
"statements",8
"statement",8
"ADC",8
"30",8
"among",8
"upon",8
"Some",8
"leadership",8
"paid",8
"later",8
"Georgia",8
"Hemphill",8
"become",9
"matter",9
"church",9
"13",9
"bonds",9
"amount",9
"stand",9
"department",9
"Court",9
"knee",9
"involved",9
"season",9
"Mrs.",9
"Richard",9
"declared",9
"enough",9
"Kansas",9
"College",9
"bills",9
"Secretary",9
"League",9
"leader",9
"received",9
"pass",9
"own",9
"Martin",9
"know",9
"social",9
"agreed",9
"Meek",9
"dollars",9
"might",9
"Hansen",9
"past",9
"Then",9
"head",9
"build",9
"race",9
"scheduled",9
"better",9
"Education",9
"top",9
"think",9
"18",9
"W.",9
"annual",9
"field",9
"Congress",10
"District",10
"bond",10
"system",10
"term",10
"well",10
"Davis",10
"see",10
"cost",10
"possible",10
"eight",10
"much",10
"so",10
"spring",10
"means",10
"able",10
"whether",10
"voters",10
"Robinson",10
"team",10
"came",10
"children",10
"organization",10
"part",10
"candidates",10
"taken",10
"effort",10
"Party",10
"like",10
"Hawksley",10
"churches",10
"center",10
"Barnett",10
"service",10
"along",10
"future",10
"set",11
"efforts",11
"former",11
"Judge",11
"early",11
"Moritz",11
"Council",11
"One",11
"yards",11
"given",11
"while",11
"second",11
"charter",11
"passed",11
"help",11
"does",11
"White",11
"chairman",11
"fees",11
"March",11
"17",11
"attack",11
"even",11
"rule",11
"conference",11
"Friday",11
"very",11
"J.",11
"report",11
"Dr.",11
"cent",11
"C.",11
"district",11
"give",12
"fire",12
"far",12
"several",12
"John",12
"reported",12
"Saturday",12
"provide",12
"high",12
"use",12
"Eisenhower",12
"months",12
"Communist",12
"play",12
"present",12
"defense",12
"got",12
"plans",12
"Wagner",12
"grants",12
"during",12
"third",12
"They",12
"run",12
"proposed",13
"without",13
"A.",13
"come",13
"countries",13
"man",13
"four",13
"case",13
"need",13
"those",13
"victory",13
"another",13
"between",13
"cases",13
"just",13
"American",13
"1961",13
"Mitchell",13
"There",13
"Jones",13
"proposal",13
"today",13
"five",14
"James",14
"?",14
"leaders",14
"primary",14
"county",14
"left",14
"'ll",14
"down",14
"court",14
"long",14
"sales",14
"Fulton",14
"him",14
"resolution",14
"day",14
"yesterday",14
"states",14
"director",14
"persons",14
"because",14
"problem",14
"then",14
"Tuesday",14
"Senate",14
"next",14
"care",15
"president",15
"you",15
"asked",15
"Mayor",15
"go",15
"Laos",15
"being",15
"medical",15
"national",15
"military",15
"meet",15
"our",15
"His",15
"through",15
"..",15
"right",15
"days",15
"both",15
"Republicans",15
"1",15
"campaign",15
"candidate",15
"Department",16
"may",16
"Sen.",16
"project",16
"increase",16
"added",16
"told",16
"funds",16
"10",16
"each",16
"where",16
"any",16
"governor",16
"political",16
"issue",16
"Sunday",17
"per",17
"Committee",17
"local",17
"Dallas",17
"do",17
"since",17
"called",17
"make",17
"meeting",17
"here",17
"law",17
"Washington",18
"pay",18
"aid",18
"board",18
"general",18
"these",18
"Legislature",18
"council",19
"most",19
"must",19
"members",19
"get",19
"party",19
"federal",20
"vote",20
"such",20
"special",20
"people",20
"take",20
"public",21
"what",21
"off",21
"Kennedy",21
"County",21
"back",21
"This",21
"We",21
"against",22
"session",22
"schools",22
"expected",22
"committee",22
"Republican",22
"jury",23
"week",23
"before",23
"States",23
"City",23
"Hughes",23
"about",23
"n't",23
"under",24
"could",24
";",24
"night",24
"them",24
"school",24
"if",24
"New",24
"game",25
"only",25
"home",26
"now",26
"government",26
"we",27
"million",27
"time",27
"work",27
"did",28
"should",28
"can",29
":",29
"tax",29
"United",29
"years",29
"But",29
"Democratic",30
"when",30
"Monday",31
"over",31
"program",31
"also",31
"plan",31
"House",31
"three",31
"Texas",31
"In",32
"(",32
"State",32
")",32
"made",32
"all",32
"into",33
"election",33
"other",36
"new",37
"President",37
"bill",37
"than",38
"up",38
"no",38
"It",39
"A",40
"'",40
"after",40
"first",41
"city",41
"there",41
"its",42
"some",42
"but",43
"two",44
"they",44
"their",46
"last",47
"were",48
"out",48
"I",49
"administration",49
"or",51
"year",52
"Mr.",53
"one",53
"more",54
"had",54
"state",57
"are",65
"been",70
"have",70
"which",71
"this",72
"$",74
"He",75
"who",75
"from",78
"--",85
"not",86
"an",86
"his",98
"at",101
"it",107
"will",107
"has",111
"with",121
"would",134
"as",141
"he",151
"by",160
"was",167
"'s",170
"be",170
"said",179
"is",187
"on",196
"that",226
"''",233
"The",235
"``",245
"for",313
"and",464
"in",524
"a",530
"to",643
"of",764
".",1029
",",1134
"the",1605
