total tokens, 2225
%types in test not in train, 1.0
%token frequency in test not in train, 2.21001221001221

tr_word_bi_grams_intercept, frequency
"the hole",1
"a few",1
"got only",1
"lights are",1
"dropped a",1
"nine innings",1
"were back",1
"crushing the",1
"walloped four",1
"Willie Mays",1
"Gomez ,",1
"third man",1
"Howsam that",1
"in their",1
"I do",1
"Gil Hodges",1
"who played",1
"loosely played",1
"This rule",1
"talked to",1
"Patti Waggin",1
"baseball 30",1
"25 bases",1
"hit before",1
"Blanchard ,",1
"Boston 's",1
"it ''",1
"rightfield that",1
"to injuries",1
"545-yard spree",1
"will miss",1
"Sunday .",1
"pro-Yankee .",1
"ball right",1
"an issue",1
"official word",1
"to Ritchie",1
"a salary",1
"as a",1
"a newsman",1
"continued his",1
"conductor said",1
"3-hitter when",1
"to open",1
"stops and",1
"' ace",1
"Cleveland Saturday",1
"rightfield corner",1
"ninth .",1
"Rudolph for",1
"the diving",1
"drive fizzled",1
"television policy",1
"Dan Pavletich",1
"of their",1
"Houk only",1
"13-5 barrage",1
"Park suddenly",1
"He 's",1
"Completing 12",1
"on Gardner",1
"380-foot home",1
"the ends",1
"St. Louis",1
"diving Minnie",1
"abide by",1
"of guys",1
"an unusual",1
"Rudolph when",1
"and Carreon",1
"run with",1
"of 15",1
"Field .",1
"was Nischwitz",1
"5-4 lead",1
"privileged to",1
"year ,",1
"Hinton tripled",1
"know who",1
"joined six",1
"last season",1
"of eight",1
"inning gave",1
", Art",1
"$ 25,000",1
"start hitting",1
"Paul-Minneapolis ,",1
"loser Joey",1
"the noted",1
"feat .",1
"'s Ebbetts",1
"came back",1
"Nev. ,",1
"Grove ,",1
"slammed a",1
"walked up",1
"Writer Ensign",1
"out with",1
"forever be",1
"The modest",1
"Bob Grove",1
"'m just",1
"Bear 's",1
"home .",1
"ran up",1
"a 5-run",1
"the video",1
"the world",1
". Not",1
"contract at",1
"NBC will",1
"when games",1
"Ron Nischwitz",1
"of only",1
"and Gardner",1
"with 40-year-old",1
", then",1
"command all",1
"The crowd",1
"course ,",1
", of",1
"the Chicago",1
"as saying",1
"which Skorich",1
"retain two",1
"and has",1
"Mantle and",1
"completions in",1
"only ones",1
"Cincinnati errors",1
", here",1
"decision over",1
"statistics last",1
"400 feet",1
", 205-pound",1
"May 25",1
"hole in",1
"head .",1
"two members",1
", trailing",1
"`` Living",1
"Adcock ,",1
"winning streak",1
". Jay",1
"was well",1
"unusual characteristic",1
"the minor",1
"tripled to",1
"to Texas",1
"home :",1
"ninth to",1
"fizzled when",1
", 5-3",1
"Of the",1
"but idle",1
"baseball .",1
"no-hit masterpiece",1
"run over",1
"Henry during",1
"does n't",1
"all-time great",1
"against passes",1
"mound against",1
"think you",1
"was much",1
"single of",1
"Tsitouris at",1
"flooded but",1
"was in",1
"those good",1
"here .",1
"Carl Hubbell",1
"audience .",1
"Spahn waved",1
"also took",1
"slender southpaw",1
"rightfield line",1
"league home",1
"infield roller",1
"Chuck Klein",1
") and",1
"the Tribe",1
"of San",1
"arise .",1
"bunched three",1
"his starting",1
"merely go",1
"a home",1
"the new",1
"al .",1
"Grizzlies '",1
"team in",1
"comes from",1
", Vernon",1
"Bears are",1
"Zoe Ann",1
"Outfielder Jackie",1
"Baylor has",1
"still bothered",1
"home and",1
"The appointment",1
"use ,",1
"Bertoia beat",1
"and happy",1
"Tuttle was",1
"the corner",1
"had only",1
"beat out",1
"Traveler ,",1
"Sunday 's",1
"o'clock Tuesday",1
"Randall of",1
"and scored",1
"conference at",1
"history .",1
"little trouble",1
"when McAuliffe",1
"Yogi Berra",1
"7 tosses",1
"fourth and",1
"a defensive",1
"The White",1
"salary believed",1
"bat in",1
"noted exotic",1
"the slender",1
"Massachusetts Institute",1
"scored on",1
"in command",1
"seventh ranked",1
"Tuesday night",1
"husky 6-3",1
"The infield",1
"three-year contract",1
"due to",1
"finale .",1
". Of",1
". Ritchie",1
"He said",1
". Completing",1
"Actually they",1
"taking a",1
"doubt about",1
"last couple",1
"Warren Spahn",1
"Association pack",1
"fourth --",1
"a strong",1
"Bears management",1
"Dobbs Tuttle",1
"Moore won",1
"pitching probably",1
"Seerey of",1
"' 380-foot",1
"as one",1
"the figure",1
"further embossed",1
"order .",1
"Philadelphia ,",1
"played finale",1
"anti or",1
"hitless pitching",1
"front in",1
"and the",1
"the line",1
"found the",1
"two straight",1
"from Bears",1
"'s hitless",1
", slammed",1
"on second",1
"top-grade big",1
"took a",1
"singled off",1
"streamliner ,",1
"champion Philadelphia",1
"a series",1
", especially",1
"of a",1
"John Tsitouris",1
"world ''",1
"level .",1
"top rulers",1
"baseball might",1
"Berra both",1
"new record",1
"depending on",1
"which boils",1
"and ran",1
"talk to",1
"of action",1
"given only",1
"Liston was",1
"'s chances",1
"another all-out",1
"staff --",1
"lefthanders in",1
"slashed a",1
"the magazine",1
"first major",1
"bases but",1
". Liston",1
", when",1
", had",1
"the bat",1
"aboard .",1
"5-game romp",1
". Ogden",1
"and Eddie",1
"a pennant",1
"who have",1
"outfield was",1
"but Don",1
"lefthander ,",1
"singled home",1
", he",1
"have moved",1
"it before",1
"Institute of",1
"was on",1
"of 361",1
", subbing",1
"be losing",1
"a southpaw",1
", however",1
"seasons Mays",1
"here Monday",1
"ranked lightweight",1
"have to",1
"Lefty Wyman",1
". Dallas",1
", remarked",1
"first of",1
"Bill Liston",1
"both out",1
"center put",1
"a base",1
"innings ,",1
"187.5 yards",1
"side injury",1
"Mary Dobbs",1
"retired at",1
"millions of",1
"player ,",1
"a year",1
"up to",1
"one team",1
"got the",1
"game in",1
"innings .",1
"permitted us",1
"a big",1
", Jan.",1
", crushing",1
". There",1
"turned the",1
"his two",1
"talk with",1
"Stram ,",1
"12 of",1
"12 games",1
"Indianapolis run",1
"since 1950",1
"six and",1
"Rudolph to",1
"280 yards",1
"and Rocky",1
"The record",1
"Cardinals in",1
"to four",1
"5-3 .",1
"never lagged",1
"'ll probably",1
"arm at",1
"Smith 's",1
"5 completions",1
"hit four",1
"'' of",1
"but by",1
"on .",1
"Texas leads",1
"cut off",1
"a blackout",1
"and an",1
"retaliating with",1
"roller accounted",1
"Bucky Harris",1
", said",1
"Ray Moore",1
"bat on",1
", Cliff",1
"yards rushing",1
", Arkansas",1
"doubles against",1
"fan and",1
"the trick",1
"with him",1
"Shartzer 's",1
"Killebrew came",1
"5777 fans",1
", joined",1
"surely can",1
"span of",1
"York Yankees",1
"' four",1
"Ritchie of",1
"the Minnesota",1
"season and",1
"his wife",1
"in progress",1
"it seems",1
"but a",1
"the Denver",1
"him at",1
"on 5",1
"Frank Robinson",1
"advantage of",1
"by the",1
"to both",1
"McDaniel singled",1
"189 )",1
"rule but",1
"to merely",1
"Ohio (",1
"Al Smith",1
"with 64",1
"Ann Olsen",1
"defense against",1
"Only Bucky",1
"Klein of",1
"right center",1
"mounted a",1
"Green ,",1
"3-run homer",1
"et al",1
"Nick Skorich",1
"the Aggies",1
"Sox Outfielder",1
"rookies sighed",1
"balls and",1
"ones of",1
"in 1924",1
"the bottom",1
"the one",1
"think Jack",1
"second and",1
"was 40",1
"Texas ,",1
"Cincinnati pitchers",1
"Monday in",1
"him who",1
"leftfield corner",1
"the station",1
"how a",1
"past the",1
"anything he",1
"achievements the",1
"Jim McDaniel",1
"be surprised",1
"man to",1
"Philadelphia Eagles",1
"the left",1
"of tongues",1
"'s mad",1
"to Liston",1
"Allison aboard",1
"Twins tied",1
"Robinson hammered",1
"lifetime batting",1
"putout .",1
"smash was",1
"performance in",1
"last year",1
"355 yards",1
"tallies .",1
"was announced",1
"of 32,589",1
"a walk",1
"first word",1
"Ebbetts Field",1
"Skorich received",1
"that time",1
"of years",1
"the period",1
"singled and",1
". Only",1
"a high",1
"in taking",1
"wife ,",1
"the Bear",1
"20,000 and",1
"do anything",1
"McAuliffe .",1
"appointment was",1
"its grip",1
"game on",1
"Texas Tech",1
"Oct. 14",1
". Momentarily",1
"You would",1
"start millions",1
"Wert .",1
"'s line",1
"against the",1
"the liveliness",1
"a triple",1
"at third",1
"ever used",1
"rulers .",1
"8 o'clock",1
", Ohio",1
", baseball",1
"a total",1
"The Yanks",1
"Hector Lopez",1
"Delahanty and",1
"Liston is",1
"M ,",1
"Mays and",1
"exhibition game",1
"Dallas ,",1
"Enos Slaughter",1
"by that",1
"Berra ,",1
", I",1
"a midnight",1
"added two",1
"was back",1
"you 're",1
"But he",1
"harm than",1
"playing at",1
"Camilo Carreon",1
"pops heroics",1
"Jackie was",1
"management got",1
"yards (",1
"controlling the",1
"Texas A",1
"Cook and",1
"Bobby Lowe",1
") got",1
"Tech ran",1
"and countless",1
"victory over",1
"the lights",1
"base and",1
"Room Athletic",1
"grip on",1
"tosses )",1
"of opinion",1
"well flooded",1
"midnight train",1
"obvious refocusing",1
"Spahn pitching",1
"countless of",1
"suddenly found",1
", Carl",1
"pinpoint pitching",1
"four at",1
"Longhorns a",1
"He came",1
"-- Boston",1
"the start",1
"Baylor 's",1
"yards .",1
"own tests",1
"-- Jerry",1
"mystery how",1
"Technology .",1
"149 (",1
"'s solid",1
"won their",1
"64 yards",1
"running argument",1
"-- Texas",1
"the expanded",1
"all-out guy",1
"Jay Porter",1
"had been",1
"a unanimous",1
"learned Jackie",1
"You 'll",1
"'s opener",1
"n't know",1
"'s hit",1
"a World",1
"third Indianapolis",1
"Monday .",1
"and bobbles",1
"works with",1
"be between",1
"Bill Henry",1
"starting turn",1
"issue which",1
"guy ,",1
"Waggin who",1
"campaign --",1
"loop play",1
"milestone .",1
"play .",1
"yards passing",1
"way around",1
"of baseballs",1
"their eight",1
"Don Wert",1
"was Gardner",1
"to fill",1
"Jensen on",1
"Dyer of",1
"action due",1
"new season",1
"the White",1
"between $",1
"Yanks also",1
"world 's",1
"'s ball",1
"1951 ,",1
"Minnie Minoso",1
"with Cleveland",1
". Williams",1
"to applaud",1
"dark .",1
"or pro-Yankee",1
"American or",1
"against Washington",1
"start controlling",1
"Sunday afternoons",1
"the masses",1
"Red Sox",1
"were remarkable",1
"a keyhole",1
"happy Spahn",1
", smashed",1
". Johnny",1
"parade of",1
"than good",1
"25 ,",1
"defense to",1
"Bears took",1
"when John",1
"newsman .",1
"Ralph Houk",1
"n't run",1
"victory of",1
"came all",1
"off in",1
"a while",1
"average in",1
"of Boston",1
"the mound",1
"his train",1
"across with",1
"and single",1
"Louisville by",1
"Shaw ,",1
"Twins a",1
"home audience",1
"quite cold",1
"distressing slump",1
"through a",1
"can be",1
". Al",1
"books ,",1
"made Ralph",1
"5-run first",1
"season 's",1
"made it",1
"( 187.5",1
"the national",1
"up with",1
"to do",1
"minutes before",1
"said ,",1
"succeeds Buck",1
"Turk Lown",1
"applaud .",1
"subbing for",1
"Bob Howsam",1
"their last",1
"ace .",1
"great lefthanders",1
"more Sunday",1
"She said",1
"when my",1
"newsmen on",1
"the Phillies",1
"Phil Shartzer",1
"Jay Cooke",1
"in Jim",1
"record books",1
"tongues to",1
", quipping",1
"Pacific Railroad",1
"Skorich ,",1
"-- Billy",1
"to third",1
"Olsen ,",1
"Milwaukee rookies",1
"speculating ,",1
"was heading",1
". Among",1
"and passing",1
"refocusing of",1
"fouled out",1
"eluded the",1
"I 'll",1
"in order",1
"would be",1
"any area",1
"-- tied",1
"drive to",1
"1-0 lead",1
"Nischwitz fanned",1
"Chicago White",1
"was elevated",1
"Lopez ,",1
"around on",1
"in left",1
"a 6-5",1
"single to",1
"was 11-5",1
"world series",1
"Stadium last",1
"most hearts",1
"a matter",1
"trade .",1
"averages ,",1
"exotic dancer",1
"masses up",1
"Washington State",1
"then moved",1
". Mary",1
"however ,",1
"Ritchie walked",1
"last week",1
"away ''",1
"playing baseball",1
"double-crosser and",1
"Yankee triumph",1
"another 5-run",1
"Reno ,",1
"Bob Allison",1
"fanned six",1
"base on",1
"season .",1
"to Howsam",1
"Slaughter ,",1
"history on",1
"and Texas",1
"will arise",1
"TV audience",1
"off .",1
"'s big",1
"do n't",1
"a lot",1
"third straight",1
"Spahn 's",1
"straight over",1
"for three",1
"a side",1
"would favor",1
"chances ''",1
"fly .",1
"solid single",1
"now lead",1
"straight victory",1
", Allison",1
", City",1
"only 949",1
"a humiliating",1
"the rule",1
"average of",1
"6-5 victory",1
"they did",1
"the lead",1
"Boston Traveler",1
". Dick",1
"Momentarily the",1
"Hodges turned",1
"did in",1
"to lead",1
", about",1
"suddenly start",1
"real stimulant",1
"their history",1
"only six",1
"Alusik then",1
"liner to",1
"last run",1
"Liston ''",1
"champs still",1
"19th world",1
"away ,",1
"lightweight ,",1
"Billy Gardner",1
"Tribe 's",1
"' winning",1
"and Yogi",1
"especially at",1
"team will",1
"probably reached",1
"and Dan",1
"Conference football",1
"State gave",1
". Chuck",1
"did it",1
"took the",1
"of last",1
"conclusion here",1
"weekend what",1
"38-point bulge",1
"of Cleveland",1
"-- Kenny",1
"The early",1
"pennant and",1
"Cook accounted",1
"' 189",1
"waved off",1
"feels he",1
"televised baseball",1
"a decade",1
"new laurels",1
"progress at",1
"leagues have",1
"there surely",1
"the book",1
"feats and",1
"126 )",1
"Vernon Gomez",1
"Denver rookie",1
"a line",1
"out a",1
"They now",1
"32,589 had",1
"This dissatisfaction",1
"surprised how",1
"be a",1
"hit as",1
"said Monday",1
"second homer",1
"I have",1
"1:48 ,",1
"Lou Gehrig",1
"game was",1
"will suddenly",1
"am told",1
"Nischwitz '",1
"came up",1
"But there",1
"afternoons when",1
"see Mays",1
"homer in",1
"and Cooke",1
"rushing and",1
"at Bears",1
"'s 340-blast",1
"up after",1
"leaders --",1
"night he",1
"team to",1
"led to",1
"to see",1
"characteristic for",1
"pass in",1
"949 and",1
"sacrifice fly",1
"hits in",1
"Nischwitz was",1
"liveliness of",1
"the major",1
"Pat Seerey",1
"romp over",1
"two days",1
"Spahn not",1
"eight Cincinnati",1
", made",1
"Lenny Green",1
"audience was",1
"first to",1
"and Mickey",1
"Jackie had",1
"and Jim",1
"national pastime",1
"John Edwards",1
"laurels as",1
"Wert came",1
"a real",1
". Actually",1
"then with",1
"Paschal gruonded",1
"third and",1
"to think",1
"opener ,",1
"his only",1
"get a",1
", while",1
"years the",1
"'s attack",1
"tagged with",1
"blacked out",1
"made by",1
"Candlestick Park",1
"that baseball",1
"probably get",1
"up its",1
"340-blast over",1
"for two",1
"a 38-point",1
"This year",1
"Muskegon ,",1
"the Braves",1
"made their",1
"trouble in",1
"' Willie",1
"attack against",1
"two cherished",1
"Jay in",1
"Gehrig of",1
"Pennock ,",1
"put that",1
"an American",1
"before 5777",1
"three Cincinnati",1
"where his",1
"what with",1
"us to",1
"Gauer .",1
"The Twins",1
"and popped",1
"field ,",1
"third Frank",1
"nationwide policy",1
"sluggers who",1
"game at",1
"'s hurting",1
"nation to",1
"Athletic Club",1
"audience of",1
"the feat",1
"by Camilo",1
"with some",1
"the clubhouse",1
"be any",1
"league game",1
"Mays '",1
"Indians bunched",1
"two did",1
"fine fellow",1
"a 3-hitter",1
"the motions",1
"six hits",1
"a meaningless",1
"remarkable feats",1
"only three",1
"had a",1
"and stole",1
"how to",1
"a span",1
"beyond Mickey",1
"moved past",1
"word from",1
"outclassed Cincinnati",1
"Cooke across",1
"through playing",1
"Ensign Ritchie",1
"an on-the-scene",1
"the statistics",1
"club ''",1
"on whether",1
"homer of",1
"lead ,",1
"off Phil",1
"Mays ,",1
"remarked Enos",1
"and outfield",1
"second run",1
"the trade",1
"quoted Jensen",1
"Indianapolis ,",1
"bleachers in",1
"Wert 's",1
"night game",1
". Incidentally",1
"currently in",1
"from Jensen",1
"Green 's",1
"defensive coach",1
"Eddie Dyer",1
"American League",1
"gruonded out",1
"baseballs currently",1
"popped one",1
"fly hits",1
"cold .",1
"that play",1
"bases on",1
"the business",1
"which are",1
"by Green",1
"spectacular play",1
"Minnesota Twins",1
"Among the",1
"Allison 's",1
"too dark",1
"of is",1
"in 1:48",1
"'s history",1
"hammered a",1
"the television",1
"and Chuck",1
". Bobby",1
"good ,",1
", drove",1
"game to",1
"not only",1
"favor the",1
"quipping ,",1
"situation will",1
"the weekend",1
"And one",1
"argument about",1
". Lemon",1
"at which",1
"about 400",1
"score in",1
"three bases",1
", Paschal",1
"Kenny Lane",1
", were",1
"30 minutes",1
"modest and",1
"dissatisfaction led",1
"This was",1
"early Southwest",1
"to the",1
"Jensen as",1
"much too",1
"line double",1
", before",1
"bottom of",1
"turn .",1
"attack .",1
"Phillies ,",1
"against Texas",1
"and it",1
"windy Candlestick",1
"merits of",1
"trick in",1
"I am",1
"has stayed",1
"his nine",1
"is 11",1
"passing (",1
"lot of",1
"know when",1
"corner of",1
"period of",1
"passing )",1
"Living Room",1
"drew a",1
"compartment to",1
"previous seasons",1
"had gone",1
"( Liston",1
"over Rip",1
"long home",1
"Hinton in",1
"anemic with",1
"Buck Shaw",1
"barrage Monday",1
"inning ,",1
"a 3-game",1
"one pass",1
"Post slashed",1
"and Charlie",1
"1946 had",1
"Gaines hammered",1
"Jan. 23",1
"said and",1
"the organ",1
"awaited .",1
"Lemon was",1
"couple of",1
"fellow ,",1
"174 yards",1
"tests ,",1
"2-baser ,",1
"humiliating 13-5",1
", would",1
"Wyman Carey",1
"the CBS",1
"go through",1
"at 8",1
"It is",1
"organ .",1
"he said",1
"elderly Spahn",1
"Ed Donnelly",1
"and 447",1
"without an",1
"the situation",1
"when his",1
"had taken",1
"been anemic",1
". After",1
"night as",1
"no doubt",1
"biggest total",1
"year because",1
"TCU ,",1
"in per-game",1
"the stage",1
". Despite",1
"lagged .",1
"who I",1
"run-scoring 2-baser",1
"working on",1
"In four",1
"chances to",1
"'re an",1
"open the",1
". Alusik",1
"the football",1
"his Bears",1
"idle Baylor",1
"say in",1
"'s grounder",1
"the all-time",1
"four straight",1
"at-bats for",1
"14 ,",1
"just speculating",1
"Examiner went",1
"week .",1
"Sox back",1
"revived the",1
"a batting",1
"two men",1
", only",1
"more harm",1
"one over",1
"Donnelly is",1
"San Francisco",1
"Paschal doubled",1
"dancer ,",1
"it really",1
"Aggies had",1
"by one",1
"miss his",1
"few minutes",1
"fact that",1
"a top-grade",1
"' infield",1
"took advantage",1
"off Bill",1
", Lou",1
"outfield flies",1
"added their",1
"lead Louisville",1
"double into",1
"of 18,792",1
"Arkansas and",1
"Howsam 's",1
"and remarked",1
"major or",1
"first night",1
"play in",1
"fifth ,",1
"trailing only",1
"routed loser",1
"but NBC",1
"of Tyler",1
"Giants who",1
"Washington in",1
"no victories",1
"sixth inning",1
"when Reno",1
"fifth .",1
"McAuliffe dropped",1
"lead a",1
"that does",1
"was working",1
"n't throw",1
"he told",1
"361 yards",1
"who quoted",1
"irritable rule",1
"27 innings",1
"by Roy",1
"with men",1
"Giants and",1
"`` Wish",1
"only is",1
"passes ,",1
"strong arm",1
") ,",1
"game against",1
"gone and",1
"in Brooklyn",1
"National fan",1
") .",1
"Jim Lemon",1
"who walloped",1
"by Lemon",1
"Gaines '",1
"nine previous",1
"Cooke walked",1
"drove in",1
"ball game",1
"good infield",1
"in Sunday",1
"have ordered",1
"Charlie Gauer",1
"business from",1
"double and",1
"anymore .",1
"boils down",1
"moved Cooke",1
"said to",1
"and walked",1
"smashed a",1
"Sox had",1
"crowd for",1
"his 27",1
"walked and",1
"batted in",1
"'ve had",1
"the two",1
"Club ''",1
"Milwaukee 's",1
"447 passing",1
"other sluggers",1
"infield play",1
"won his",1
"off the",1
"today to",1
", former",1
"reaches a",1
"Brooklyn 's",1
"games are",1
"he would",1
"a manager",1
"The Yankee",1
"heading home",1
"of nine",1
"various unofficial",1
"will play",1
"Mays retaliating",1
"Rip Randall",1
". Yes",1
"Porter drew",1
"heroics to",1
"Olympic Diving",1
"off Bud",1
"and third",1
"a distressing",1
"of Shaw",1
"Jerry Williams",1
"but I",1
"Joey Jay",1
"will forever",1
"more in",1
"games .",1
"leads in",1
"'s seventh",1
"stimulant to",1
"25th man",1
"Series victory",1
"' Joe",1
"City of",1
"Nischwitz continued",1
"'s lifetime",1
"Suddenly my",1
"not going",1
"the Boston",1
"while .",1
"a 1-0",1
"think I",1
", Mantle",1
"Boston was",1
"going to",1
"most ever",1
"rookie ,",1
"will continue",1
"Champion Zoe",1
"And so",1
"grounder in",1
". Once",1
"train trip",1
"( on",1
"-- his",1
"the Twins",1
"second against",1
"Wally Post",1
"hits --",1
"was over",1
"against Lefty",1
"warmed up",1
"Pavletich singled",1
"3-game total",1
"hit anymore",1
". They",1
"high .",1
"never talked",1
"Bears made",1
", without",1
"Standard Examiner",1
", awaited",1
"Mrs. Don",1
"play on",1
"The spectacular",1
"an official",1
", will",1
"big leaguer",1
"announced at",1
"45-degree weather",1
"in of",1
"best defensive",1
"knocked down",1
"Once the",1
"and will",1
"big leagues",1
"-- Nick",1
"It will",1
", Nev.",1
"I remember",1
"down the",1
"weather the",1
"' third",1
"4-homer spree",1
"over Indianapolis",1
"a record-tying",1
"was 30-30",1
"he warmed",1
". Arkansas",1
"'ll put",1
"hearts .",1
"15-hit attack",1
"Yankees won",1
"the walking",1
"and anti",1
"taken a",1
"'s 126",1
"terminated before",1
"Herb Pennock",1
"six other",1
"Spahnie does",1
"$ 20,000",1
"This is",1
"checks on",1
"ran the",1
"a spectacular",1
"start of",1
"run .",1
"his sudden",1
"Gauer works",1
"errors .",1
"dent in",1
", Jay",1
"victories ,",1
"fourth .",1
". Just",1
"or minor",1
"saying :",1
"SWC high",1
"205-pound lefthander",1
"That permitted",1
"give the",1
"Lemon and",1
"Chico Ruiz",1
"in 7",1
"crowd of",1
"are playing",1
"18,792 .",1
"superior pitcher",1
"The last",1
"M --",1
"feet away",1
"Southwest Conference",1
"the head",1
"played rightfield",1
". With",1
"and further",1
"Denver area",1
"when it",1
"of Technology",1
"is Bill",1
"homer as",1
"`` Spahnie",1
"pitcher but",1
"to head",1
"while Ray",1
"will be",1
"the fact",1
"first with",1
"infield single",1
"Bingles and",1
"days .",1
"'s run-scoring",1
"television viewers",1
"5-run explosion",1
"'s .",1
"through the",1
"hurting Boston",1
". Gauer",1
"the spectators",1
"pitching Monday",1
"( 1,065",1
"double by",1
"the season",1
"to abide",1
"Porter and",1
"left field",1
"when she",1
"and $",1
"not be",1
"because of",1
"down by",1
"matter of",1
"good stops",1
"injury and",1
", et",1
"rushing averages",1
"to Baylor",1
"a sacrifice",1
"used by",1
"Railroad streamliner",1
", stopped",1
"the campaign",1
") a",1
"had little",1
"left fence",1
"walked only",1
"gone into",1
"the games",1
"an infield",1
"the Longhorns",1
". Turk",1
"a long",1
"they were",1
"so it",1
"of Washington",1
"1,512 yards",1
"guys I",1
"the loss",1
"Harris ,",1
"area comes",1
"which just",1
"way before",1
"big day",1
"it two",1
"a news",1
"head coach",1
"balls to",1
"writer for",1
"was clicked",1
"triumph made",1
"n't matter",1
"request that",1
"double ,",1
"he 's",1
"fifth when",1
"of those",1
"got was",1
"St. Paul-Minneapolis",1
"or National",1
"per-game rushing",1
"word to",1
"CBS network",1
"Mickey 's",1
"she learned",1
"train out",1
"across the",1
"former Olympic",1
". Skorich",1
"Not satisfied",1
"meaningless exhibition",1
"spree Sunday",1
"46 at-bats",1
"the bases",1
"first year",1
"Sox Monday",1
"rightfully is",1
"Jackie Jensen",1
"Sievers and",1
"to whip",1
"and said",1
"points beyond",1
"a 3-run",1
"Denver-area TV",1
"stage .",1
"Despite the",1
"Mich. ,",1
"But Jackie",1
"helpless to",1
"in 46",1
"he had",1
"McAuliffe cracked",1
"`` boy-manager",1
"baseball more",1
"network will",1
"'m not",1
", depending",1
"The husky",1
"record (",1
"Jensen got",1
"slump .",1
"second game",1
"Boston Red",1
"went to",1
"passing 149",1
"Sports Writer",1
"a liner",1
"Jim Landis",1
"day and",1
"run batted",1
"-- made",1
"Carreon --",1
", Mich.",1
"the putout",1
"The powerful",1
"a full",1
"total loop",1
"After Al",1
"boy-manager ''",1
"seems baseball",1
"first 12",1
"'s replacement",1
"Sox a",1
"elevated today",1
"glove .",1
"Nehf ,",1
"bothered by",1
"stopped in",1
"his new",1
". Spahn",1
"He took",1
"throw .",1
"trip across",1
"n't hit",1
"said Stram",1
"against no",1
"A double",1
"Lane of",1
"another Denver",1
"a double-crosser",1
"and A",1
"video not",1
"has given",1
"Rocky Colavito",1
"leagues come",1
"'s second",1
"The Giants",1
"Sox and",1
"fans purposely",1
"center ,",1
"from newsmen",1
"stand .",1
"was tagged",1
"walk and",1
"line coach",1
"replacement ,",1
"Braves '",1
"center .",1
"ends .",1
"told ,",1
"American Association",1
"stole as",1
"runs and",1
". Bingles",1
"rule providing",1
"runs ,",1
"and some",1
"front .",1
"to give",1
"whip TCU",1
"player 's",1
"Dick McAuliffe",1
"and never",1
"by Rudolph",1
"30-30 .",1
"Lowe of",1
"him what",1
"in right",1
"the Grizzlies",1
"and I",1
"Yankees ,",1
"fans .",1
"just eluded",1
"did n't",1
"day revived",1
"embossed the",1
"park .",1
"Lemon with",1
"flies by",1
"the 45-degree",1
"pair of",1
"southpaw belonging",1
"a pair",1
"you want",1
". Jim",1
"in two",1
"' 545-yard",1
"cherished achievements",1
"Jack feels",1
"does baseball",1
"25 home",1
"victory in",1
"providing for",1
"it was",1
"his no-hit",1
"ball over",1
"had accomplished",1
"'s park",1
"sudden walkout",1
"on-the-scene audience",1
"play since",1
"Union Pacific",1
"11-5 and",1
"fill the",1
"keyhole .",1
"Colavito ,",1
"`` That",1
"of three",1
"combined 280",1
"He has",1
". Both",1
"1950 .",1
"deep into",1
"by Bob",1
"Joe Adcock",1
"the year",1
"the Ogden",1
"satisfied with",1
"Art Nehf",1
", 355",1
"series in",1
"purposely stayed",1
"1,065 rushing",1
", for",1
"masterpiece against",1
"decade in",1
"n't think",1
"really did",1
"With Mickey",1
"walking Bob",1
"Reno Bertoia",1
"be on",1
": Cliff",1
"cracked the",1
"bulge against",1
"had never",1
"League champs",1
"said anything",1
"I 've",1
"viewers in",1
"Eagles ,",1
"anybody ,",1
"bobbles :",1
"score and",1
"in any",1
"Incidentally ,",1
"and Gil",1
"before an",1
"man on",1
"league level",1
"want to",1
"was and",1
"hits .",1
"Lefty Don",1
"any 25th",1
"pitching his",1
"'s staff",1
"know how",1
"record-tying 4-homer",1
"and Gaines",1
", Herb",1
"M has",1
"their windy",1
"sixth .",1
"the Indians",1
"with various",1
"a single",1
"best defense",1
"chopper to",1
"34.7 yards",1
"fifth put",1
"Carreon 's",1
"on with",1
"gentlemanly fine",1
"Johnny Blanchard",1
"was knocked",1
"straight .",1
"on Lenny",1
"anything about",1
"whether you",1
"'s smash",1
"four of",1
"beardown performance",1
"Louis Cardinals",1
"Charley Hinton",1
"triple by",1
"when off",1
"Arkansas combined",1
"Stadium Oct.",1
"passes for",1
"clicked off",1
"He succeeds",1
"his first",1
"pitchers ,",1
"-- The",1
"to his",1
"gone .",1
"inning when",1
"the road",1
"Ogden Standard",1
"two doubles",1
"be no",1
", his",1
"in Ogden",1
"a 5-4",1
"to hit",1
"of Muskegon",1
"to anybody",1
"Williams and",1
"Shaw 's",1
"the bleachers",1
"an irritable",1
"magazine stand",1
"big dent",1
"southpaw .",1
"who retired",1
"the drive",1
"new SWC",1
"only 6-3",1
"line and",1
"the tallies",1
"Daley ,",1
"Francisco ,",1
"injuries ,",1
"games were",1
"of pop",1
"hits for",1
"only Charley",1
"blackout of",1
"of 1,512",1
"Both ,",1
"reached the",1
"a gentlemanly",1
"the nation",1
"the loosely",1
"over outclassed",1
"11 points",1
"Ruiz made",1
". Philadelphia",1
"of televised",1
"single loss",1
"Rookie Ron",1
". She",1
"is still",1
"relative merits",1
"winning run",1
"spree against",1
"veteran John",1
"series game",1
"a major",1
"sighed and",1
"Harmon Killebrew",1
"of Mays",1
"the Milwaukee",1
"There are",1
"days with",1
"baseball writer",1
"full game",1
"book ''",1
"defensive record",1
"Skorich said",1
"for Berra",1
"I think",1
"against veteran",1
". Chico",1
"accomplished the",1
"their 19th",1
". Cincinnati",1
"new arrangement",1
"was privileged",1
"still mounted",1
"'' when",1
"fence for",1
"two runs",1
"the elderly",1
"but Harmon",1
"the top",1
"had it",1
". Suddenly",1
"hammered the",1
"Landis '",1
"Carey ,",1
"40 ,",1
"Mantle 's",1
"out in",1
"clubhouse .",1
"who is",1
"what Liston",1
"Chuck Hinton",1
"would retain",1
", Wally",1
"( to",1
"be blacked",1
"its biggest",1
"and two",1
"remarked ,",1
"powerful New",1
"Roy Sievers",1
"The conductor",1
"the 2-score-year",1
"baseball mystery",1
". St.",1
"15 passes",1
". Sports",1
"told a",1
"record crowd",1
"baseball rightfully",1
"minutes .",1
"the leftfield",1
"up pops",1
"loss ,",1
"and his",1
"how many",1
"play to",1
"are not",1
"in Milwaukee",1
"double to",1
". Gaines",1
"come May",1
"loss .",1
"road .",1
". Hector",1
"tough defense",1
"leaguer .",1
"that day",1
"down to",1
"with Bob",1
"Cooke singled",1
"Ed Delahanty",1
"to Reno",1
"he (",1
"unanimous decision",1
"many fans",1
"major league",1
", where",1
"ball club",1
"spectators was",1
"football leaders",1
"was quite",1
"unofficial checks",1
"23 --",1
"streak to",1
"ordered their",1
"'s eight",1
"a superior",1
"World Series",1
"arrangement made",1
"a baseball",1
"station .",1
"wagging .",1
"who had",1
"score was",1
"had said",1
"they say",1
"1924 ,",1
"Bud Daley",1
"Lown was",1
"Al Paschal",1
"a tough",1
"opinion ,",1
"the St.",1
"expanded outfield",1
"ball bat",1
"be terminated",1
"hitting after",1
"Just when",1
"Twins back",1
", world",1
"out ,",1
"pastime .",1
"2-score-year milestone",1
"out when",1
"doubled down",1
"both a",1
"out .",1
"are two",1
"right away",1
"a double",1
"third inning",1
"Williams is",1
"rule that",1
"remember his",1
"back at",1
"their own",1
"base .",1
"of television",1
"showed a",1
"by Porter",1
"a 5-game",1
"were cut",1
"40-year-old Warren",1
"fourth homer",1
"a conclusion",1
"were helpless",1
"the formula",1
"his pinpoint",1
"Jensen said",1
"Tyler ,",1
"the winning",1
", 1951",1
"figure was",1
"said Liston",1
"good days",1
"Saturday ,",1
"to only",1
"a three-year",1
"received a",1
"Edwards fouled",1
"during another",1
"not to",1
"formula in",1
"is the",1
", 34.7",1
"Liston had",1
"'s glove",1
"walkout .",1
"the nationwide",1
"the relative",1
"Ritchie :",1
"at Massachusetts",1
"off his",1
"Cleveland ,",1
"Reds in",1
"25,000 a",1
", Patti",1
"is Mrs.",1
"who reaches",1
"The Union",1
"his compartment",1
"fourth single",1
". Lefty",1
"losing its",1
"members of",1
"run deep",1
"two chances",1
"explosion in",1
"the running",1
"an obvious",1
"news conference",1
". Rookie",1
"the big",1
"believed to",1
"manager .",1
"football champion",1
"'s request",1
"continue to",1
"Mays hit",1
"his beardown",1
"bases .",1
"and showed",1
"in use",1
"Minoso in",1
"might be",1
"line drive",1
". Jensen",1
"high chopper",1
"home McAuliffe",1
"area .",1
"belonging with",1
"mad at",1
"Wish I",1
"rushing with",1
"time the",1
"Reds were",1
"major leagues",1
"of course",1
"a parade",1
"The Denver-area",1
"Hubbell ,",1
"year as",1
"Liston ,",1
"matter .",1
"Yankees routed",1
"New York",1
"'s top",1
"Diving Champion",1
", Pat",1
"to wagging",1
"motions ''",1
"pop fly",1
"Liston )",1
"Yes ,",1
"spectacular Mays",1
"on top",1
"infield was",1
"pack .",1
"coach for",1
"in 1946",1
"a 15-hit",1
"Mantle .",1
"for 174",1
"Giants '",2
"year .",2
"to talk",2
"Cliff Cook",2
"the rightfield",2
"made a",2
"yards per",2
"on Alusik",2
"the ninth",2
". And",2
"out of",2
"6-3 ,",2
"game ,",2
"one of",2
"I was",2
"many as",2
"against a",2
"as the",2
"the last",2
". You",2
"the Sox",2
"are gone",2
"Tex. ,",2
"top of",2
"was a",2
"to him",2
". Texas",2
"in front",2
"him .",2
"and he",2
"are in",2
"the end",2
"stayed away",2
"accounted for",2
"before the",2
"tied the",2
"sixth on",2
"he was",2
"at home",2
"is an",2
"I know",2
"three of",2
"two out",2
"single by",2
"the most",2
". Ed",2
"reflexes are",2
"away from",2
"offense of",2
"the way",2
"In the",2
"night .",2
"a team",2
"third base",2
", a",2
"eight hits",2
"told him",2
"only the",2
"to start",2
"left in",2
". Nischwitz",2
"homer off",2
"to left",2
"Cincinnati ,",2
"Willie 's",2
"runs in",2
", Utah",2
"the Yankees",2
"as they",2
"last of",2
"with two",2
"coach .",2
"my reflexes",2
"a 2-run",2
"ball player",2
"at a",2
"his fourth",2
"'s double",2
"some good",2
"Utah ,",2
"left .",2
"men on",2
"two more",2
"end of",2
"Alusik 's",2
"Don Rudolph",2
"the American",2
"I told",2
"I 'm",2
"when the",2
"Bears added",2
"inning .",2
"the Bears",2
"with his",2
"to center",2
"but the",2
", Tex.",2
"Texas '",2
". Willie",2
"from the",2
"that the",2
"after a",2
"all the",2
"is a",2
"game 's",2
"the ``",2
"Bears Stadium",2
"lead in",2
"on balls",2
"2-run homer",2
"put the",2
"'s first",2
"gave the",2
"has the",2
"as 25",2
"said he",2
"the Reds",2
", ``",2
"total offense",2
"Mickey Mantle",2
", which",2
"per game",2
", another",2
"corner ,",2
"Ogden ,",2
"in his",2
", was",2
"and Wert",2
"as many",2
"policy .",2
"of his",2
"yards ,",2
", an",2
"a ball",2
"was through",2
"before a",2
", as",2
", thanks",2
". A",2
"by a",2
"thanks to",2
"over left",2
"four home",2
"on his",2
"minor league",2
"on a",2
"only two",2
"game and",2
"-- a",2
"the best",2
"batting average",2
"run in",3
"a new",3
"about the",3
"with a",3
"home run",3
"the Giants",3
"& M",3
"1 --",3
", May",3
"the fourth",3
": ``",3
", with",3
"'' ,",3
"his second",3
"May 1",3
"I ca",3
"Monday night",3
"A &",3
"into the",3
"the score",3
"first inning",3
"White Sox",3
"game .",3
"ca n't",3
"home runs",3
"to be",3
". In",3
"The Bears",3
"-- (",3
". But",3
"the ball",4
"back in",4
"the sixth",4
"It was",4
"was the",4
"to a",4
"AP )",4
". ``",4
"over the",4
"the fifth",4
". I",4
"Gardner 's",4
"and a",4
"( AP",4
"for a",4
", who",4
"the third",4
") --",4
". This",5
"at the",5
", but",5
"'' .",5
". It",6
"in a",6
"on the",6
", and",6
"for the",6
"the game",6
". He",6
"with the",6
"the first",7
"`` I",7
", the",8
". The",20
"of the",21
"in the",26
